Protocollo;Gruppo;DataOraIncidente;Localizzazione1;STRADA1;Localizzazione2;STRADA2;Strada02;Chilometrica;DaSpecificare;NaturaIncidente;particolaritastrade;TipoStrada;FondoStradale;Pavimentazione;Segnaletica;CondizioneAtmosferica;Traffico;Visibilita;Illuminazione;NUM_FERITI;NUM_RISERVATA;NUM_MORTI;NUM_ILLESI;Longitudine;Latitudine;Confermato;Progressivo;TipoVeicolo;StatoVeicolo;TipoPersona;Sesso;Tipolesione;Deceduto;DecedutoDopo;CinturaCascoUtilizzato;Airbag
1714802;9;02/03/2007 19:15;Strada Urbana;VIA CASILINA;in prossimità;;del civico n. ;122;;Scontro laterale fra veicoli in marcia;Rettilineo;Due carreggiate;Asciutto;Asfaltata;Verticale ed orizzontale;Sereno;Normale;Buona;Sufficiente;0;0;0;2;;;-1;2;Autovettura privata;In marcia / fermata / arresto;Conducente;M;Illeso;0;;Non accertato;Inesploso
1714803;9;02/03/2007 19:30;Strada Urbana;VIA ALLUMIERE;in prossimità;;del civico n. ;37;;Scontro laterale fra veicoli in marcia;Rettilineo;Una carreggiata a senso unico di marcia;Asciutto;Asfaltata;Assente;Sereno;Normale;Buona;Sufficiente;0;0;0;2;;;-1;1;Autovettura privata;In marcia / fermata / arresto;Conducente;M;Illeso;0;;Non accertato;Inesistente
1714803;9;02/03/2007 19:30;Strada Urbana;VIA ALLUMIERE;in prossimità;;del civico n. ;37;;Scontro laterale fra veicoli in marcia;Rettilineo;Una carreggiata a senso unico di marcia;Asciutto;Asfaltata;Assente;Sereno;Normale;Buona;Sufficiente;0;0;0;2;;;-1;2;Autovettura privata;In marcia / fermata / arresto;Conducente;M;Illeso;0;;Non accertato;Inesistente
1714804;9;02/03/2007 19:35;Strada Urbana;PIAZZA CASTROREALE;da specificare;;;;fronte civico 3;Scontro frontale fra veicoli in marcia;Curva a visuale libera;Due carreggiate;Asciutto;Asfaltata;Verticale ed orizzontale;Sereno;Normale;Sufficiente;Sufficiente;1;0;0;1;;;-1;1;Autovettura privata;In marcia / fermata / arresto;Conducente;M;Illeso;0;;Non accertato;Inesistente
1714804;9;02/03/2007 19:35;Strada Urbana;PIAZZA CASTROREALE;da specificare;;;;fronte civico 3;Scontro frontale fra veicoli in marcia;Curva a visuale libera;Due carreggiate;Asciutto;Asfaltata;Verticale ed orizzontale;Sereno;Normale;Sufficiente;Sufficiente;1;0;0;1;;;-1;2;Motociclo a solo;In marcia / fermata / arresto;Conducente;M;Rimandato;0;NON DECEDUTO;Non accertato;Inesistente
1714805;9;02/03/2007 19:45;Strada Urbana;VIA APPIA NUOVA;all'intersezione semaforizzata con;VIA DI TORRE DEL FISCALE;VIA DI TORRE DEL FISCALE;;;Ribaltamento senza urto contro ostacolo fisso;Intersezione semaforizzata;Due carreggiate;Asciutto;Asfaltata;Verticale ed orizzontale;Nuvoloso;Intenso;Buona;Sufficiente;1;0;0;0;;;-1;1;Autocarro inferiore 35 q.;In marcia / fermata / arresto;Conducente;M;Ricoverato;0;NON DECEDUTO;Non accertato;Inesploso
1714806;9;04/03/2007 03:20;Strada Urbana;PIAZZALE LABICANO;da specificare;;;;prossimità VIA CASILINA;Scontro laterale fra veicoli in marcia;Rettilineo;Una carreggiata a senso unico di marcia;Asciutto;Asfaltata;Orizzontale;Nuvoloso;Scarso;Buona;Sufficiente;0;0;0;3;;;-1;1;Autovettura privata;In marcia / fermata / arresto;Conducente;F;Illeso;0;;Non accertato;Inesploso
1714806;9;04/03/2007 03:20;Strada Urbana;PIAZZALE LABICANO;da specificare;;;;prossimità VIA CASILINA;Scontro laterale fra veicoli in marcia;Rettilineo;Una carreggiata a senso unico di marcia;Asciutto;Asfaltata;Orizzontale;Nuvoloso;Scarso;Buona;Sufficiente;0;0;0;3;;;-1;2;Autovettura privata;In marcia / fermata / arresto;Conducente;M;Illeso;0;;Non accertato;Inesploso
1714806;9;04/03/2007 03:20;Strada Urbana;PIAZZALE LABICANO;da specificare;;;;prossimità VIA CASILINA;Scontro laterale fra veicoli in marcia;Rettilineo;Una carreggiata a senso unico di marcia;Asciutto;Asfaltata;Orizzontale;Nuvoloso;Scarso;Buona;Sufficiente;0;0;0;3;;;-1;2;Autovettura privata;In marcia / fermata / arresto;Passeggero;M;Illeso;0;;Non accertato;Inesploso
1714807;9;03/03/2007 13:50;Strada Urbana;VIA TUSCOLANA;da specificare;;;;prossimità VIA CAMILLA;Scontro laterale fra veicoli in marcia;Rettilineo;Una carreggiata a doppio senso;Asciutto;Asfaltata;Assente;Sereno;Normale;Buona;Ore Diurne;1;0;0;1;;;-1;1;Autovettura privata;In marcia / fermata / arresto;Conducente;M;Illeso;0;;Non accertato;Inesistente
1714807;9;03/03/2007 13:50;Strada Urbana;VIA TUSCOLANA;da specificare;;;;prossimità VIA CAMILLA;Scontro laterale fra veicoli in marcia;Rettilineo;Una carreggiata a doppio senso;Asciutto;Asfaltata;Assente;Sereno;Normale;Buona;Ore Diurne;1;0;0;1;;;-1;2;Motociclo a solo;In marcia / fermata / arresto;Conducente;M;Rimandato;0;NON DECEDUTO;Non accertato;Inesistente
1714808;9;03/03/2007 19:00;Strada Urbana;LARGO MAGNAGRECIA;da specificare;;;;pross.tà VIA VEIO;Infortunio per caduta del veicolo;Rettilineo;Una carreggiata a doppio senso;Asciutto;Asfaltata;Orizzontale;Sereno;Normale;Sufficiente;Sufficiente;1;0;0;1;;;-1;1;Autocarro inferiore 35 q.;In marcia / fermata / arresto;Conducente;M;Illeso;0;;Non accertato;Inesistente
1714808;9;03/03/2007 19:00;Strada Urbana;LARGO MAGNAGRECIA;da specificare;;;;pross.tà VIA VEIO;Infortunio per caduta del veicolo;Rettilineo;Una carreggiata a doppio senso;Asciutto;Asfaltata;Orizzontale;Sereno;Normale;Sufficiente;Sufficiente;1;0;0;1;;;-1;2;Motociclo a solo;In marcia / fermata / arresto;Conducente;M;Rimandato;0;NON DECEDUTO;Non accertato;Inesistente
1714809;9;03/03/2007 20:45;Strada Urbana;VIA MACEDONIA;in prossimità;;del civico n. ;22;;Tamponamento;Rettilineo;Una carreggiata a doppio senso;Asciutto;Asfaltata;Orizzontale;Sereno;Scarso;Buona;Sufficiente;0;0;0;6;;;-1;1;Autovettura privata;In marcia / fermata / arresto;Conducente;M;Illeso;0;;Utilizzato;Inesploso
1714809;9;03/03/2007 20:45;Strada Urbana;VIA MACEDONIA;in prossimità;;del civico n. ;22;;Tamponamento;Rettilineo;Una carreggiata a doppio senso;Asciutto;Asfaltata;Orizzontale;Sereno;Scarso;Buona;Sufficiente;0;0;0;6;;;-1;2;Autovettura privata;In marcia / fermata / arresto;Conducente;M;Illeso;0;;Utilizzato;Inesploso
1714809;9;03/03/2007 20:45;Strada Urbana;VIA MACEDONIA;in prossimità;;del civico n. ;22;;Tamponamento;Rettilineo;Una carreggiata a doppio senso;Asciutto;Asfaltata;Orizzontale;Sereno;Scarso;Buona;Sufficiente;0;0;0;6;;;-1;2;Autovettura privata;In marcia / fermata / arresto;Passeggero;F;Illeso;0;;Non accertato;Inesploso
1714809;9;03/03/2007 20:45;Strada Urbana;VIA MACEDONIA;in prossimità;;del civico n. ;22;;Tamponamento;Rettilineo;Una carreggiata a doppio senso;Asciutto;Asfaltata;Orizzontale;Sereno;Scarso;Buona;Sufficiente;0;0;0;6;;;-1;2;Autovettura privata;In marcia / fermata / arresto;Passeggero;M;Illeso;0;;Non accertato;Inesploso
1714809;9;03/03/2007 20:45;Strada Urbana;VIA MACEDONIA;in prossimità;;del civico n. ;22;;Tamponamento;Rettilineo;Una carreggiata a doppio senso;Asciutto;Asfaltata;Orizzontale;Sereno;Scarso;Buona;Sufficiente;0;0;0;6;;;-1;3;Autovettura privata;In marcia / fermata / arresto;Conducente;M;Illeso;0;;Non accertato;Inesploso
1714809;9;03/03/2007 20:45;Strada Urbana;VIA MACEDONIA;in prossimità;;del civico n. ;22;;Tamponamento;Rettilineo;Una carreggiata a doppio senso;Asciutto;Asfaltata;Orizzontale;Sereno;Scarso;Buona;Sufficiente;0;0;0;6;;;-1;3;Autovettura privata;In marcia / fermata / arresto;Passeggero;M;Illeso;0;;Non accertato;Inesploso
1714810;9;03/03/2007 21:00;Strada Urbana;VIA TUSCOLANA;da specificare;;;;pross.tà VIA PATRICA;Tamponamento;Rettilineo;Due carreggiate;Asciutto;Asfaltata;Verticale ed orizzontale;Sereno;Normale;Sufficiente;Sufficiente;1;0;0;1;;;-1;1;Autovettura privata;In marcia / fermata / arresto;Conducente;M;Illeso;0;;Non accertato;Inesploso
1714810;9;03/03/2007 21:00;Strada Urbana;VIA TUSCOLANA;da specificare;;;;pross.tà VIA PATRICA;Tamponamento;Rettilineo;Due carreggiate;Asciutto;Asfaltata;Verticale ed orizzontale;Sereno;Normale;Sufficiente;Sufficiente;1;0;0;1;;;-1;2;Motociclo con passeggero;In marcia / fermata / arresto;Conducente;F;Rimandato;0;NON DECEDUTO;Non accertato;Inesistente
1714811;9;04/03/2007 00:40;Strada Urbana;VIA TARANTO;all'intersezione semaforizzata con;VIA AOSTA;VIA AOSTA;;;Scontro frontale/laterale DX fra veicoli in marcia;Intersezione semaforizzata;Una carreggiata a doppio senso;Asciutto;Asfaltata;Verticale ed orizzontale;Nuvoloso;Scarso;Sufficiente;Sufficiente;1;0;0;1;;;-1;1;Motociclo a solo;In marcia / fermata / arresto;Conducente;M;Rimandato;0;NON DECEDUTO;Non accertato;Inesistente
1714811;9;04/03/2007 00:40;Strada Urbana;VIA TARANTO;all'intersezione semaforizzata con;VIA AOSTA;VIA AOSTA;;;Scontro frontale/laterale DX fra veicoli in marcia;Intersezione semaforizzata;Una carreggiata a doppio senso;Asciutto;Asfaltata;Verticale ed orizzontale;Nuvoloso;Scarso;Sufficiente;Sufficiente;1;0;0;1;;;-1;2;Autovettura privata;In marcia / fermata / arresto;Conducente;M;Illeso;0;;Non accertato;Inesistente
1714814;13;02/03/2007 15:45;Strada Urbana;LARGO GIROLAMO DA MONTESARCHIO;da specificare;;;;all'altezza del parcheggio;Veicolo in marcia contro veicolo fermo;Rettilineo;Una carreggiata a doppio senso;Bagnato (umidità in atto);Asfaltata;Verticale ed orizzontale;Nuvoloso;Normale;Sufficiente;Ore Diurne;0;0;0;4;;;-1;1;Autovettura privata;In marcia / fermata / arresto;Conducente;F;Illeso;0;;Utilizzato;Inesistente
1714814;13;02/03/2007 15:45;Strada Urbana;LARGO GIROLAMO DA MONTESARCHIO;da specificare;;;;all'altezza del parcheggio;Veicolo in marcia contro veicolo fermo;Rettilineo;Una carreggiata a doppio senso;Bagnato (umidità in atto);Asfaltata;Verticale ed orizzontale;Nuvoloso;Normale;Sufficiente;Ore Diurne;0;0;0;4;;;-1;1;Autovettura privata;In marcia / fermata / arresto;Passeggero;F;Illeso;0;;Utilizzato;Inesistente
1714814;13;02/03/2007 15:45;Strada Urbana;LARGO GIROLAMO DA MONTESARCHIO;da specificare;;;;all'altezza del parcheggio;Veicolo in marcia contro veicolo fermo;Rettilineo;Una carreggiata a doppio senso;Bagnato (umidità in atto);Asfaltata;Verticale ed orizzontale;Nuvoloso;Normale;Sufficiente;Ore Diurne;0;0;0;4;;;-1;1;Autovettura privata;In marcia / fermata / arresto;Passeggero;M;Illeso;0;;Utilizzato;Inesistente
1714814;13;02/03/2007 15:45;Strada Urbana;LARGO GIROLAMO DA MONTESARCHIO;da specificare;;;;all'altezza del parcheggio;Veicolo in marcia contro veicolo fermo;Rettilineo;Una carreggiata a doppio senso;Bagnato (umidità in atto);Asfaltata;Verticale ed orizzontale;Nuvoloso;Normale;Sufficiente;Ore Diurne;0;0;0;4;;;-1;2;Autovettura privata;In marcia / fermata / arresto;Conducente;M;Illeso;0;;Non accertato;Inesistente
1714815;13;03/03/2007 14:38;Strada Urbana;VIA MAIERATO;in prossimità;;del civico n. ;95;;Scontro frontale/laterale DX fra veicoli in marcia;Rettilineo;Una carreggiata a doppio senso;Asciutto;Asfaltata;Orizzontale;Nuvoloso;Scarso;Buona;Ore Diurne;0;0;0;2;;;-1;1;Autovettura privata;In marcia / fermata / arresto;Conducente;F;Illeso;0;;Non accertato;Inesploso
1714815;13;03/03/2007 14:38;Strada Urbana;VIA MAIERATO;in prossimità;;del civico n. ;95;;Scontro frontale/laterale DX fra veicoli in marcia;Rettilineo;Una carreggiata a doppio senso;Asciutto;Asfaltata;Orizzontale;Nuvoloso;Scarso;Buona;Ore Diurne;0;0;0;2;;;-1;2;Autovettura privata;In marcia / fermata / arresto;Conducente;M;Illeso;0;;Non accertato;Inesploso
1714816;13;03/03/2007 15:30;Strada Urbana;VIA PADRE ANTONIO CASAMASSA;in prossimità;;del civico n. ;65;;Scontro laterale fra veicoli in marcia;Rettilineo;Due carreggiate;Asciutto;Asfaltata;Orizzontale;Nuvoloso;Scarso;Buona;Ore Diurne;2;0;0;1;;;-1;1;Autovettura privata;In marcia / fermata / arresto;Conducente;M;Illeso;0;;Esente;Inesistente
1714816;13;03/03/2007 15:30;Strada Urbana;VIA PADRE ANTONIO CASAMASSA;in prossimità;;del civico n. ;65;;Scontro laterale fra veicoli in marcia;Rettilineo;Due carreggiate;Asciutto;Asfaltata;Orizzontale;Nuvoloso;Scarso;Buona;Ore Diurne;2;0;0;1;;;-1;2;Autovettura privata;In marcia / fermata / arresto;Conducente;M;Rimandato;0;NON DECEDUTO;Non accertato;Inesistente
1714816;13;03/03/2007 15:30;Strada Urbana;VIA PADRE ANTONIO CASAMASSA;in prossimità;;del civico n. ;65;;Scontro laterale fra veicoli in marcia;Rettilineo;Due carreggiate;Asciutto;Asfaltata;Orizzontale;Nuvoloso;Scarso;Buona;Ore Diurne;2;0;0;1;;;-1;2;Autovettura privata;In marcia / fermata / arresto;Passeggero;M;Rimandato;0;NON DECEDUTO;Non accertato;Inesistente
1714817;13;03/03/2007 17:15;Strada Urbana;VIA CARLO BONUCCI;in prossimità;;del civico n. ;47;;Scontro frontale fra veicoli in marcia;Rettilineo;Una carreggiata a doppio senso;Asciutto;Asfaltata;Assente;Nuvoloso;Scarso;Buona;Ore Diurne;1;0;0;1;;;-1;1;Autovettura privata;In marcia / fermata / arresto;Conducente;M;Illeso;0;;Non accertato;Inesistente
1714817;13;03/03/2007 17:15;Strada Urbana;VIA CARLO BONUCCI;in prossimità;;del civico n. ;47;;Scontro frontale fra veicoli in marcia;Rettilineo;Una carreggiata a doppio senso;Asciutto;Asfaltata;Assente;Nuvoloso;Scarso;Buona;Ore Diurne;1;0;0;1;;;-1;2;Autovettura privata;In marcia / fermata / arresto;Conducente;F;Rimandato;0;NON DECEDUTO;Non accertato;Inesistente
1714818;13;04/03/2007 02:00;Strada Urbana;VIA DELLE EBRIDI;all'intersezione con;VIA DELLA MARTINICA;VIA DELLA MARTINICA;;;Scontro frontale/laterale SX fra veicoli in marcia;Incrocio;Due carreggiate;Asciutto;Asfaltata;Verticale ed orizzontale;Sereno;Scarso;Buona;Insufficiente;0;0;0;4;;;-1;1;Autovettura privata;In marcia / fermata / arresto;Conducente;F;Illeso;0;;Non accertato;Inesploso
1714818;13;04/03/2007 02:00;Strada Urbana;VIA DELLE EBRIDI;all'intersezione con;VIA DELLA MARTINICA;VIA DELLA MARTINICA;;;Scontro frontale/laterale SX fra veicoli in marcia;Incrocio;Due carreggiate;Asciutto;Asfaltata;Verticale ed orizzontale;Sereno;Scarso;Buona;Insufficiente;0;0;0;4;;;-1;1;Autovettura privata;In marcia / fermata / arresto;Passeggero;M;Illeso;0;;Non accertato;Inesistente
1714818;13;04/03/2007 02:00;Strada Urbana;VIA DELLE EBRIDI;all'intersezione con;VIA DELLA MARTINICA;VIA DELLA MARTINICA;;;Scontro frontale/laterale SX fra veicoli in marcia;Incrocio;Due carreggiate;Asciutto;Asfaltata;Verticale ed orizzontale;Sereno;Scarso;Buona;Insufficiente;0;0;0;4;;;-1;2;Autovettura privata;In marcia / fermata / arresto;Conducente;M;Illeso;0;;Non accertato;Inesistente
1714819;16;03/03/2007 17:15;Strada Urbana;PIAZZA S. GIOVANNI DI DIO;all'intersezione con;VIA FEDERICO OZANAM;VIA FEDERICO OZANAM;;;Scontro frontale/laterale SX fra veicoli in marcia;Incrocio;Una carreggiata a doppio senso;Asciutto;Asfaltata;Verticale ed orizzontale;Nuvoloso;Normale;Buona;Ore Diurne;1;0;0;2;;;-1;1;Autovettura privata;In marcia / fermata / arresto;Conducente;M;Illeso;0;;Non accertato;Inesistente
1714819;16;03/03/2007 17:15;Strada Urbana;PIAZZA S. GIOVANNI DI DIO;all'intersezione con;VIA FEDERICO OZANAM;VIA FEDERICO OZANAM;;;Scontro frontale/laterale SX fra veicoli in marcia;Incrocio;Una carreggiata a doppio senso;Asciutto;Asfaltata;Verticale ed orizzontale;Nuvoloso;Normale;Buona;Ore Diurne;1;0;0;2;;;-1;1;Autovettura privata;In marcia / fermata / arresto;Passeggero;F;Illeso;0;;Non accertato;Inesistente
1714819;16;03/03/2007 17:15;Strada Urbana;PIAZZA S. GIOVANNI DI DIO;all'intersezione con;VIA FEDERICO OZANAM;VIA FEDERICO OZANAM;;;Scontro frontale/laterale SX fra veicoli in marcia;Incrocio;Una carreggiata a doppio senso;Asciutto;Asfaltata;Verticale ed orizzontale;Nuvoloso;Normale;Buona;Ore Diurne;1;0;0;2;;;-1;2;Motociclo con passeggero;In marcia / fermata / arresto;Conducente;M;Ricoverato;0;NON DECEDUTO;Utilizzato;Inesistente
1714822;18;03/03/2007 05:15;Strada Urbana;VIA ANDREA FERRARA;in prossimità;;del civico n. ;12;;Veicolo in marcia contro veicolo in sosta;Pendenza;Una carreggiata a doppio senso;Asciutto;Asfaltata;Assente;Sereno;Scarso;Buona;Sufficiente;0;0;0;1;;;-1;1;Autovettura privata;In marcia / fermata / arresto;Conducente;M;Illeso;0;;Non accertato;Inesistente
1714823;18;03/03/2007 14:35;Strada Urbana;VIA ENRICO BONDI;all'intersezione con;VIA SANTENA;VIA SANTENA;;;Scontro frontale/laterale DX fra veicoli in marcia;Incrocio;Una carreggiata a senso unico di marcia;Asciutto;Asfaltata;Assente;Nuvoloso;Scarso;Buona;Ore Diurne;0;0;0;1;;;-1;1;Autovettura privata;In marcia / fermata / arresto;Conducente;F;Illeso;0;;Non accertato;Inesploso
1714825;20;01/03/2007 10:30;Strada Urbana;VIA TRIONFALE;in corrispondenza;;del civico n. ;14127;;Veicolo in marcia contro ostacolo fisso;Rettilineo;Una carreggiata a senso unico di marcia;Asciutto;Asfaltata;Verticale ed orizzontale;Nuvoloso;Normale;Buona;Ore Diurne;0;0;0;2;;;-1;1;Autovettura privata;In marcia / fermata / arresto;Conducente;M;Illeso;0;;Non accertato;Inesistente
1714825;20;01/03/2007 10:30;Strada Urbana;VIA TRIONFALE;in corrispondenza;;del civico n. ;14127;;Veicolo in marcia contro ostacolo fisso;Rettilineo;Una carreggiata a senso unico di marcia;Asciutto;Asfaltata;Verticale ed orizzontale;Nuvoloso;Normale;Buona;Ore Diurne;0;0;0;2;;;-1;1;Autovettura privata;In marcia / fermata / arresto;Passeggero;M;Illeso;0;;Non accertato;Inesistente
1714826;20;01/03/2007 11:40;Statale;VIA CASSIA;in corrispondenza;;della chilometrica ;15,1;;Scontro laterale fra veicoli in marcia;Rettilineo;Una carreggiata a doppio senso;Asciutto;Asfaltata;Verticale ed orizzontale;Nuvoloso;Normale;Buona;Ore Diurne;0;0;0;3;;;-1;1;Autovettura privata;In marcia / fermata / arresto;Conducente;M;Illeso;0;;Non accertato;Inesistente
1714826;20;01/03/2007 11:40;Statale;VIA CASSIA;in corrispondenza;;della chilometrica ;15,1;;Scontro laterale fra veicoli in marcia;Rettilineo;Una carreggiata a doppio senso;Asciutto;Asfaltata;Verticale ed orizzontale;Nuvoloso;Normale;Buona;Ore Diurne;0;0;0;3;;;-1;2;Autocarro superiore 35 q.;In marcia / fermata / arresto;Conducente;M;Illeso;0;;Non accertato;Inesistente
1714826;20;01/03/2007 11:40;Statale;VIA CASSIA;in corrispondenza;;della chilometrica ;15,1;;Scontro laterale fra veicoli in marcia;Rettilineo;Una carreggiata a doppio senso;Asciutto;Asfaltata;Verticale ed orizzontale;Nuvoloso;Normale;Buona;Ore Diurne;0;0;0;3;;;-1;2;Autocarro superiore 35 q.;In marcia / fermata / arresto;Passeggero;M;Illeso;0;;Non accertato;Inesistente
1714827;20;01/03/2007 14:50;Strada Urbana;LUNGOTEVERE MARESCIALLO DIAZ;all'intersezione con;VIALE DEL MINISTERO DEGLI AFFARI ESTERI;VIALE DEL MINISTERO DEGLI AFFARI ESTERI;;;Scontro laterale fra veicoli in marcia;Intersezione stradale segnalata;Due carreggiate;Asciutto;Asfaltata;Orizzontale;Sereno;Normale;Buona;Ore Diurne;1;0;0;1;;;-1;1;Autovettura privata;In marcia / fermata / arresto;Conducente;M;Illeso;0;;Non accertato;Inesistente
1714827;20;01/03/2007 14:50;Strada Urbana;LUNGOTEVERE MARESCIALLO DIAZ;all'intersezione con;VIALE DEL MINISTERO DEGLI AFFARI ESTERI;VIALE DEL MINISTERO DEGLI AFFARI ESTERI;;;Scontro laterale fra veicoli in marcia;Intersezione stradale segnalata;Due carreggiate;Asciutto;Asfaltata;Orizzontale;Sereno;Normale;Buona;Ore Diurne;1;0;0;1;;;-1;2;Motociclo a solo;In marcia / fermata / arresto;Conducente;F;Ricoverato;0;NON DECEDUTO;Non accertato;Inesistente
1714828;20;01/03/2007 17:10;Strada Urbana;VIA CONCESIO;in corrispondenza;;del civico n. ;13;;Scontro laterale fra veicoli in marcia;Rettilineo;Una carreggiata a doppio senso;Asciutto;Asfaltata;Orizzontale;Sereno;Normale;Buona;Ore Diurne;1;0;0;1;;;-1;1;Autovettura privata;In marcia / fermata / arresto;Conducente;F;Illeso;0;;Non accertato;Inesistente
1714828;20;01/03/2007 17:10;Strada Urbana;VIA CONCESIO;in corrispondenza;;del civico n. ;13;;Scontro laterale fra veicoli in marcia;Rettilineo;Una carreggiata a doppio senso;Asciutto;Asfaltata;Orizzontale;Sereno;Normale;Buona;Ore Diurne;1;0;0;1;;;-1;2;Motociclo a solo;In marcia / fermata / arresto;Conducente;F;Rimandato;0;NON DECEDUTO;Non accertato;Inesistente
1714829;20;01/03/2007 17:30;Statale entro l'abitato;VIA CASSIA;all'intersezione con;VIA GIUSEPPE SILLA;VIA GIUSEPPE SILLA;;;Scontro frontale/laterale DX fra veicoli in marcia;Incrocio;Una carreggiata a doppio senso;Asciutto;Asfaltata;Orizzontale;Nuvoloso;Intenso;Buona;Ore Diurne;1;0;0;2;;;-1;1;Autovettura privata;In marcia / fermata / arresto;Conducente;F;Illeso;0;;Non accertato;Inesistente
1714829;20;01/03/2007 17:30;Statale entro l'abitato;VIA CASSIA;all'intersezione con;VIA GIUSEPPE SILLA;VIA GIUSEPPE SILLA;;;Scontro frontale/laterale DX fra veicoli in marcia;Incrocio;Una carreggiata a doppio senso;Asciutto;Asfaltata;Orizzontale;Nuvoloso;Intenso;Buona;Ore Diurne;1;0;0;2;;;-1;2;Motociclo a solo;In marcia / fermata / arresto;Conducente;M;Illeso;0;;Non accertato;Inesistente
1714829;20;01/03/2007 17:30;Statale entro l'abitato;VIA CASSIA;all'intersezione con;VIA GIUSEPPE SILLA;VIA GIUSEPPE SILLA;;;Scontro frontale/laterale DX fra veicoli in marcia;Incrocio;Una carreggiata a doppio senso;Asciutto;Asfaltata;Orizzontale;Nuvoloso;Intenso;Buona;Ore Diurne;1;0;0;2;;;-1;2;Motociclo a solo;In marcia / fermata / arresto;Passeggero;F;Rimandato;0;NON DECEDUTO;Non accertato;Inesistente
1714830;20;01/03/2007 23:40;Provinciale;VIA BRACCIANENSE;all'intersezione con;VIA DELLA STAZIONE DI CESANO;VIA DELLA STAZIONE DI CESANO;;;Scontro laterale fra veicoli in marcia;Intersezione stradale segnalata;Una carreggiata a doppio senso;Asciutto;Asfaltata;Verticale ed orizzontale;Sereno;Scarso;Sufficiente;Sufficiente;4;0;0;0;;;-1;1;Autovettura privata;In marcia / fermata / arresto;Conducente;M;Rimandato;0;NON DECEDUTO;Non accertato;Inesistente
1714830;20;01/03/2007 23:40;Provinciale;VIA BRACCIANENSE;all'intersezione con;VIA DELLA STAZIONE DI CESANO;VIA DELLA STAZIONE DI CESANO;;;Scontro laterale fra veicoli in marcia;Intersezione stradale segnalata;Una carreggiata a doppio senso;Asciutto;Asfaltata;Verticale ed orizzontale;Sereno;Scarso;Sufficiente;Sufficiente;4;0;0;0;;;-1;2;Autovettura privata;In marcia / fermata / arresto;Conducente;M;Rimandato;0;NON DECEDUTO;Non accertato;Esploso
1714830;20;01/03/2007 23:40;Provinciale;VIA BRACCIANENSE;all'intersezione con;VIA DELLA STAZIONE DI CESANO;VIA DELLA STAZIONE DI CESANO;;;Scontro laterale fra veicoli in marcia;Intersezione stradale segnalata;Una carreggiata a doppio senso;Asciutto;Asfaltata;Verticale ed orizzontale;Sereno;Scarso;Sufficiente;Sufficiente;4;0;0;0;;;-1;3;Autovettura privata;In marcia / fermata / arresto;Conducente;F;Rimandato;0;NON DECEDUTO;Non accertato;Esploso
1714830;20;01/03/2007 23:40;Provinciale;VIA BRACCIANENSE;all'intersezione con;VIA DELLA STAZIONE DI CESANO;VIA DELLA STAZIONE DI CESANO;;;Scontro laterale fra veicoli in marcia;Intersezione stradale segnalata;Una carreggiata a doppio senso;Asciutto;Asfaltata;Verticale ed orizzontale;Sereno;Scarso;Sufficiente;Sufficiente;4;0;0;0;;;-1;3;Autovettura privata;In marcia / fermata / arresto;Passeggero;F;Rimandato;0;NON DECEDUTO;Non accertato;Inesistente
1714831;20;02/03/2007 11:00;Statale entro l'abitato;VIA FLAMINIA;in prossimità;;del civico n. ;855;;Tamponamento;Rettilineo;Due carreggiate;Asciutto;Asfaltata;Verticale ed orizzontale;Nuvoloso;Normale;Sufficiente;Ore Diurne;0;0;0;2;;;-1;1;Autocarro inferiore 35 q.;In marcia / fermata / arresto;Conducente;M;Illeso;0;;Non accertato;Inesistente
1714831;20;02/03/2007 11:00;Statale entro l'abitato;VIA FLAMINIA;in prossimità;;del civico n. ;855;;Tamponamento;Rettilineo;Due carreggiate;Asciutto;Asfaltata;Verticale ed orizzontale;Nuvoloso;Normale;Sufficiente;Ore Diurne;0;0;0;2;;;-1;2;Autovettura privata;In marcia / fermata / arresto;Conducente;M;Illeso;0;;Non accertato;Inesistente
1714832;20;02/03/2007 12:40;Strada Urbana;VIALE DI TOR DI QUINTO;in prossimità;;del civico n. ;64;;Scontro frontale/laterale SX fra veicoli in marcia;Rettilineo;Una carreggiata a doppio senso;Asciutto;Asfaltata;Verticale ed orizzontale;Nuvoloso;Normale;Buona;Ore Diurne;1;0;0;1;;;-1;1;Autovettura privata;In marcia / fermata / arresto;Conducente;M;Illeso;0;;Non accertato;Inesploso
1714832;20;02/03/2007 12:40;Strada Urbana;VIALE DI TOR DI QUINTO;in prossimità;;del civico n. ;64;;Scontro frontale/laterale SX fra veicoli in marcia;Rettilineo;Una carreggiata a doppio senso;Asciutto;Asfaltata;Verticale ed orizzontale;Nuvoloso;Normale;Buona;Ore Diurne;1;0;0;1;;;-1;2;Motociclo a solo;In marcia / fermata / arresto;Conducente;M;Rimandato;0;NON DECEDUTO;Non accertato;Inesistente
1714834;20;02/03/2007 20:00;Strada Urbana;VIA DELLA STAZIONE DI CESANO;all'intersezione con;VIA DI BACCANELLO;VIA DI BACCANELLO;;;Scontro frontale fra veicoli in marcia;Intersezione non regolata/non segnalata;Una carreggiata a doppio senso;Asciutto;Asfaltata;Verticale ed orizzontale;Sereno;Scarso;Buona;Sufficiente;2;0;0;2;;;-1;1;Autovettura privata;In marcia / fermata / arresto;Conducente;M;Illeso;0;;Non accertato;Inesploso