Protocollo;Gruppo;DataOraIncidente;Localizzazione1;STRADA1;Localizzazione2;STRADA2;Strada02;Chilometrica;DaSpecificare;NaturaIncidente;particolaritastrade;TipoStrada;FondoStradale;Pavimentazione;Segnaletica;CondizioneAtmosferica;Traffico;Visibilita;Illuminazione;NUM_FERITI;NUM_RISERVATA;NUM_MORTI;NUM_ILLESI;Longitudine;Latitudine;Confermato;Progressivo;TipoVeicolo;StatoVeicolo;TipoPersona;Sesso;Tipolesione;Deceduto;DecedutoDopo;CinturaCascoUtilizzato;Airbag
1715587;19;09/03/2007 12:15;Strada Urbana;VIA DELL'ACQUEDOTTO DEL PESCHIERA;all'intersezione semaforizzata con;VIALE MONFORTANI;VIALE MONFORTANI;;;Infortunio per caduta del veicolo;Incrocio;Una carreggiata a senso unico di marcia;Viscido da liquidi oleosi;Asfaltata;Verticale ed orizzontale;Sereno;Intenso;Buona;Ore Diurne;1;0;0;0;;;-1;1;Motociclo a solo;In marcia / fermata / arresto;Conducente;F;Rimandato;0;NON DECEDUTO;Utilizzato;Inesistente
1715588;19;09/03/2007 12:50;Strada Urbana;GALLERIA GIOVANNI XXIII;da specificare;;;;km. 1,500 (direzione Foro Italico);Scontro frontale fra veicoli in marcia;Rettilineo;Una carreggiata a senso unico di marcia;Asciutto;Asfaltata;Orizzontale;Sereno;Normale;Buona;Sufficiente;1;0;0;1;;;-1;1;Autovettura privata;In marcia / fermata / arresto;Conducente;M;Illeso;0;;Utilizzato;Inesistente
1715588;19;09/03/2007 12:50;Strada Urbana;GALLERIA GIOVANNI XXIII;da specificare;;;;km. 1,500 (direzione Foro Italico);Scontro frontale fra veicoli in marcia;Rettilineo;Una carreggiata a senso unico di marcia;Asciutto;Asfaltata;Orizzontale;Sereno;Normale;Buona;Sufficiente;1;0;0;1;;;-1;2;Autovettura privata;In marcia / fermata / arresto;Conducente;M;Rimandato;0;NON DECEDUTO;Utilizzato;Inesistente
1715589;19;09/03/2007 13:40;Strada Urbana;VIA VITTORIO MONTIGLIO;da specificare;;;;prossimita' incrocio Via Luigi Arbib Pascucci;Scontro frontale fra veicoli in marcia;Curva senza visuale libera;Una carreggiata a doppio senso;Asciutto;Asfaltata;Verticale ed orizzontale;Sereno;Normale;Buona;Ore Diurne;0;1;1;1;;;-1;1;Motociclo a solo;In marcia / fermata / arresto;Conducente;M;Deceduto sul posto;-1;;Non accertato;Inesistente
1715589;19;09/03/2007 13:40;Strada Urbana;VIA VITTORIO MONTIGLIO;da specificare;;;;prossimita' incrocio Via Luigi Arbib Pascucci;Scontro frontale fra veicoli in marcia;Curva senza visuale libera;Una carreggiata a doppio senso;Asciutto;Asfaltata;Verticale ed orizzontale;Sereno;Normale;Buona;Ore Diurne;0;1;1;1;;;-1;1;Motociclo a solo;In marcia / fermata / arresto;Passeggero;F;Illeso;0;;Non accertato;Inesistente
1715589;19;09/03/2007 13:40;Strada Urbana;VIA VITTORIO MONTIGLIO;da specificare;;;;prossimita' incrocio Via Luigi Arbib Pascucci;Scontro frontale fra veicoli in marcia;Curva senza visuale libera;Una carreggiata a doppio senso;Asciutto;Asfaltata;Verticale ed orizzontale;Sereno;Normale;Buona;Ore Diurne;0;1;1;1;;;-1;2;Motociclo a solo;In marcia / fermata / arresto;Conducente;M;Prognosi riservata;0;NON DECEDUTO;Non accertato;Inesistente
1715590;19;09/03/2007 21:15;Strada Urbana;VIA DELLA PINETA SACCHETTI;in prossimità;;del civico n. ;123;;Tamponamento;Rettilineo;Due carreggiate;Asciutto;Asfaltata;Verticale ed orizzontale;Sereno;Scarso;Buona;Sufficiente;1;0;0;1;;;-1;1;Autovettura privata;In marcia / fermata / arresto;Conducente;M;Illeso;0;;Non accertato;Inesistente
1715590;19;09/03/2007 21:15;Strada Urbana;VIA DELLA PINETA SACCHETTI;in prossimità;;del civico n. ;123;;Tamponamento;Rettilineo;Due carreggiate;Asciutto;Asfaltata;Verticale ed orizzontale;Sereno;Scarso;Buona;Sufficiente;1;0;0;1;;;-1;2;Motociclo a solo;In marcia / fermata / arresto;Conducente;M;Rimandato;0;NON DECEDUTO;Utilizzato;Inesistente
1715591;19;10/03/2007 05:05;Strada Urbana;PIAZZA GIOVENALE;all'intersezione con;VIA DUCCIO GALIMBERTI;VIA DUCCIO GALIMBERTI;;;Scontro frontale/laterale SX fra veicoli in marcia;Intersezione semaforizzata;Una carreggiata a doppio senso;Asciutto;Asfaltata;Verticale ed orizzontale;Sereno;Scarso;Buona;Sufficiente;1;0;0;2;;;-1;1;Autovettura privata;In marcia / fermata / arresto;Conducente;M;Illeso;0;;Non accertato;Inesistente
1715591;19;10/03/2007 05:05;Strada Urbana;PIAZZA GIOVENALE;all'intersezione con;VIA DUCCIO GALIMBERTI;VIA DUCCIO GALIMBERTI;;;Scontro frontale/laterale SX fra veicoli in marcia;Intersezione semaforizzata;Una carreggiata a doppio senso;Asciutto;Asfaltata;Verticale ed orizzontale;Sereno;Scarso;Buona;Sufficiente;1;0;0;2;;;-1;1;Autovettura privata;In marcia / fermata / arresto;Passeggero;F;Rifiuta cure immediate;0;NON DECEDUTO;Utilizzato;Inesistente
1715591;19;10/03/2007 05:05;Strada Urbana;PIAZZA GIOVENALE;all'intersezione con;VIA DUCCIO GALIMBERTI;VIA DUCCIO GALIMBERTI;;;Scontro frontale/laterale SX fra veicoli in marcia;Intersezione semaforizzata;Una carreggiata a doppio senso;Asciutto;Asfaltata;Verticale ed orizzontale;Sereno;Scarso;Buona;Sufficiente;1;0;0;2;;;-1;2;Autovettura pubblica;In marcia / fermata / arresto;Conducente;M;Illeso;0;;Non accertato;Inesistente
1715592;2;09/03/2007 09:35;Strada Urbana;LARGO NICOLA SPINELLI;in prossimità;;del civico n. ;5;;Scontro laterale fra veicoli in marcia;Curva a visuale libera;Una carreggiata a senso unico di marcia;Asciutto;Asfaltata;Verticale ed orizzontale;Sereno;Scarso;Buona;Ore Diurne;0;0;0;2;;;-1;1;Autovettura privata;In marcia / fermata / arresto;Conducente;F;Illeso;0;;Non accertato;Inesistente
1715592;2;09/03/2007 09:35;Strada Urbana;LARGO NICOLA SPINELLI;in prossimità;;del civico n. ;5;;Scontro laterale fra veicoli in marcia;Curva a visuale libera;Una carreggiata a senso unico di marcia;Asciutto;Asfaltata;Verticale ed orizzontale;Sereno;Scarso;Buona;Ore Diurne;0;0;0;2;;;-1;2;Autobus urbano;In marcia / fermata / arresto;Conducente;M;Illeso;0;;Non accertato;Inesistente
1715593;2;07/03/2007 11:20;Strada Urbana;VIA ALESSANDRIA;all'intersezione con;VIA NOVARA;VIA NOVARA;;;Scontro frontale/laterale SX fra veicoli in marcia;Incrocio;Una carreggiata a senso unico di marcia;Bagnato (umidità in atto);In cubetti di porfido;Verticale ed orizzontale;Nuvoloso;Normale;Buona;Ore Diurne;0;0;0;2;;;-1;1;Motociclo a solo;In marcia / fermata / arresto;Conducente;M;Illeso;0;;Non accertato;Inesistente
1715593;2;07/03/2007 11:20;Strada Urbana;VIA ALESSANDRIA;all'intersezione con;VIA NOVARA;VIA NOVARA;;;Scontro frontale/laterale SX fra veicoli in marcia;Incrocio;Una carreggiata a senso unico di marcia;Bagnato (umidità in atto);In cubetti di porfido;Verticale ed orizzontale;Nuvoloso;Normale;Buona;Ore Diurne;0;0;0;2;;;-1;2;Autovettura privata;In marcia / fermata / arresto;Conducente;F;Illeso;0;;Utilizzato;Inesistente
1715594;2;08/03/2007 08:00;Strada Urbana;PIAZZALE FLAMINIO;da specificare;;;;fronte Porta del Popolo;Tamponamento;Rettilineo;Due carreggiate;Bagnato (pioggia);Asfaltata;Verticale ed orizzontale;Pioggia in atto;Intenso;Buona;Ore Diurne;0;0;0;2;;;-1;1;Autovettura privata;In marcia / fermata / arresto;Conducente;M;Illeso;0;;Non accertato;Inesistente
1715594;2;08/03/2007 08:00;Strada Urbana;PIAZZALE FLAMINIO;da specificare;;;;fronte Porta del Popolo;Tamponamento;Rettilineo;Due carreggiate;Bagnato (pioggia);Asfaltata;Verticale ed orizzontale;Pioggia in atto;Intenso;Buona;Ore Diurne;0;0;0;2;;;-1;2;Ciclomotore;In marcia / fermata / arresto;Conducente;M;Illeso;0;;Non accertato;Inesistente
1715595;2;08/03/2007 16:00;Strada Urbana;VIA LARIANA;all'intersezione con;VIA DI VILLA ADA;VIA DI VILLA ADA;;;Scontro frontale/laterale SX fra veicoli in marcia;Intersezione stradale segnalata;Una carreggiata a doppio senso;Asciutto;Asfaltata;Verticale ed orizzontale;Sereno;Normale;Buona;Ore Diurne;1;0;0;1;;;-1;1;Motociclo a solo;In marcia / fermata / arresto;Conducente;M;Rimandato;0;NON DECEDUTO;Non accertato;Inesistente
1715595;2;08/03/2007 16:00;Strada Urbana;VIA LARIANA;all'intersezione con;VIA DI VILLA ADA;VIA DI VILLA ADA;;;Scontro frontale/laterale SX fra veicoli in marcia;Intersezione stradale segnalata;Una carreggiata a doppio senso;Asciutto;Asfaltata;Verticale ed orizzontale;Sereno;Normale;Buona;Ore Diurne;1;0;0;1;;;-1;2;Autovettura privata;In marcia / fermata / arresto;Conducente;M;Illeso;0;;Non accertato;Inesistente
1715597;2;09/03/2007 01:00;Strada Urbana;VIA DEL FORO ITALICO;da specificare;;;;svincolo Via Salaria - G.R.A.- dir.ne San Giovanni;Ribaltamento senza urto contro ostacolo fisso;Curva a visuale libera;Due carreggiate;Asciutto;Asfaltata;Verticale ed orizzontale;Sereno;Normale;Buona;Sufficiente;2;0;0;1;;;-1;1;Autovettura privata;In marcia / fermata / arresto;Conducente;M;Illeso;0;;Non accertato;Inesistente
1715597;2;09/03/2007 01:00;Strada Urbana;VIA DEL FORO ITALICO;da specificare;;;;svincolo Via Salaria - G.R.A.- dir.ne San Giovanni;Ribaltamento senza urto contro ostacolo fisso;Curva a visuale libera;Due carreggiate;Asciutto;Asfaltata;Verticale ed orizzontale;Sereno;Normale;Buona;Sufficiente;2;0;0;1;;;-1;1;Autovettura privata;In marcia / fermata / arresto;Passeggero;F;Rimandato;0;NON DECEDUTO;Non accertato;Inesistente
1715597;2;09/03/2007 01:00;Strada Urbana;VIA DEL FORO ITALICO;da specificare;;;;svincolo Via Salaria - G.R.A.- dir.ne San Giovanni;Ribaltamento senza urto contro ostacolo fisso;Curva a visuale libera;Due carreggiate;Asciutto;Asfaltata;Verticale ed orizzontale;Sereno;Normale;Buona;Sufficiente;2;0;0;1;;;-1;1;Autovettura privata;In marcia / fermata / arresto;Passeggero;M;Rimandato;0;NON DECEDUTO;Non accertato;Inesistente
1715598;2;09/03/2007 08:20;Strada Urbana;VIA RAFFAELE STERN;da specificare;;;;In prossimità di via Muziano;Infortunio per caduta del veicolo;Rettilineo;Una carreggiata a doppio senso;Asciutto;Asfaltata;Orizzontale;Sereno;Scarso;Buona;Ore Diurne;1;0;0;2;;;-1;1;Autovettura privata;In marcia / fermata / arresto;Conducente;M;Illeso;0;;Non accertato;Inesploso
1715598;2;09/03/2007 08:20;Strada Urbana;VIA RAFFAELE STERN;da specificare;;;;In prossimità di via Muziano;Infortunio per caduta del veicolo;Rettilineo;Una carreggiata a doppio senso;Asciutto;Asfaltata;Orizzontale;Sereno;Scarso;Buona;Ore Diurne;1;0;0;2;;;-1;1;Autovettura privata;In marcia / fermata / arresto;Passeggero;M;Illeso;0;;Non accertato;Inesploso
1715598;2;09/03/2007 08:20;Strada Urbana;VIA RAFFAELE STERN;da specificare;;;;In prossimità di via Muziano;Infortunio per caduta del veicolo;Rettilineo;Una carreggiata a doppio senso;Asciutto;Asfaltata;Orizzontale;Sereno;Scarso;Buona;Ore Diurne;1;0;0;2;;;-1;2;Motociclo a solo;In marcia / fermata / arresto;Conducente;M;Rimandato;0;NON DECEDUTO;Non accertato;Inesistente
1715599;2;09/03/2007 10:15;Strada Urbana;VIA GARIGLIANO;all'intersezione con;VIA RUBICONE;VIA RUBICONE;;;Scontro frontale/laterale DX fra veicoli in marcia;Incrocio;Una carreggiata a senso unico di marcia;Asciutto;Asfaltata;Verticale ed orizzontale;Sereno;Normale;Buona;Ore Diurne;1;0;0;1;;;-1;1;Autovettura privata;In marcia / fermata / arresto;Conducente;F;Illeso;0;;Non accertato;Inesploso
1715599;2;09/03/2007 10:15;Strada Urbana;VIA GARIGLIANO;all'intersezione con;VIA RUBICONE;VIA RUBICONE;;;Scontro frontale/laterale DX fra veicoli in marcia;Incrocio;Una carreggiata a senso unico di marcia;Asciutto;Asfaltata;Verticale ed orizzontale;Sereno;Normale;Buona;Ore Diurne;1;0;0;1;;;-1;2;Motociclo a solo;In marcia / fermata / arresto;Conducente;M;Rimandato;0;NON DECEDUTO;Non accertato;Inesistente
1715600;2;09/03/2007 10:30;Strada Urbana;LUNGOTEVERE FLAMINIO;da specificare;;;;altezza Piazza G. da Fabriano;Scontro frontale/laterale SX fra veicoli in marcia;Curva a visuale libera;Una carreggiata a doppio senso;Asciutto;Asfaltata;Verticale ed orizzontale;Sereno;Normale;Buona;Ore Diurne;0;1;0;3;;;-1;1;Autovettura privata;In marcia / fermata / arresto;Conducente;M;Illeso;0;;Non accertato;Inesistente
1715600;2;09/03/2007 10:30;Strada Urbana;LUNGOTEVERE FLAMINIO;da specificare;;;;altezza Piazza G. da Fabriano;Scontro frontale/laterale SX fra veicoli in marcia;Curva a visuale libera;Una carreggiata a doppio senso;Asciutto;Asfaltata;Verticale ed orizzontale;Sereno;Normale;Buona;Ore Diurne;0;1;0;3;;;-1;1;Autovettura privata;In marcia / fermata / arresto;Passeggero;F;Illeso;0;;Non accertato;Inesistente
1715600;2;09/03/2007 10:30;Strada Urbana;LUNGOTEVERE FLAMINIO;da specificare;;;;altezza Piazza G. da Fabriano;Scontro frontale/laterale SX fra veicoli in marcia;Curva a visuale libera;Una carreggiata a doppio senso;Asciutto;Asfaltata;Verticale ed orizzontale;Sereno;Normale;Buona;Ore Diurne;0;1;0;3;;;-1;1;Autovettura privata;In marcia / fermata / arresto;Passeggero;F;Illeso;0;;Non accertato;Inesistente
1715600;2;09/03/2007 10:30;Strada Urbana;LUNGOTEVERE FLAMINIO;da specificare;;;;altezza Piazza G. da Fabriano;Scontro frontale/laterale SX fra veicoli in marcia;Curva a visuale libera;Una carreggiata a doppio senso;Asciutto;Asfaltata;Verticale ed orizzontale;Sereno;Normale;Buona;Ore Diurne;0;1;0;3;;;-1;2;Motociclo a solo;In marcia / fermata / arresto;Conducente;M;Prognosi riservata;0;NON DECEDUTO;Non accertato;Inesistente
1715601;2;09/03/2007 11:05;Strada Urbana;VIA NEMORENSE;in corrispondenza;;del civico n. ;67;;Investimento di pedone;Rettilineo;Una carreggiata a doppio senso;Asciutto;Asfaltata;Orizzontale;Sereno;Normale;Buona;Ore Diurne;3;0;1;2;;;-1;;;;Pedone;F;Rimandato;0;NON DECEDUTO;;
1715601;2;09/03/2007 11:05;Strada Urbana;VIA NEMORENSE;in corrispondenza;;del civico n. ;67;;Investimento di pedone;Rettilineo;Una carreggiata a doppio senso;Asciutto;Asfaltata;Orizzontale;Sereno;Normale;Buona;Ore Diurne;3;0;1;2;;;-1;;;;Pedone;M;Rifiuta cure immediate;0;NON DECEDUTO;;
1715601;2;09/03/2007 11:05;Strada Urbana;VIA NEMORENSE;in corrispondenza;;del civico n. ;67;;Investimento di pedone;Rettilineo;Una carreggiata a doppio senso;Asciutto;Asfaltata;Orizzontale;Sereno;Normale;Buona;Ore Diurne;3;0;1;2;;;-1;;;;Pedone;F;Deceduto sul posto;-1;;;
1715601;2;09/03/2007 11:05;Strada Urbana;VIA NEMORENSE;in corrispondenza;;del civico n. ;67;;Investimento di pedone;Rettilineo;Una carreggiata a doppio senso;Asciutto;Asfaltata;Orizzontale;Sereno;Normale;Buona;Ore Diurne;3;0;1;2;;;-1;1;Autovettura privata;In marcia / fermata / arresto;Conducente;M;Illeso;0;;Non accertato;Inesploso
1715601;2;09/03/2007 11:05;Strada Urbana;VIA NEMORENSE;in corrispondenza;;del civico n. ;67;;Investimento di pedone;Rettilineo;Una carreggiata a doppio senso;Asciutto;Asfaltata;Orizzontale;Sereno;Normale;Buona;Ore Diurne;3;0;1;2;;;-1;1;Autovettura privata;In marcia / fermata / arresto;Passeggero;F;Rifiuta cure immediate;0;NON DECEDUTO;Non accertato;Inesploso
1715601;2;09/03/2007 11:05;Strada Urbana;VIA NEMORENSE;in corrispondenza;;del civico n. ;67;;Investimento di pedone;Rettilineo;Una carreggiata a doppio senso;Asciutto;Asfaltata;Orizzontale;Sereno;Normale;Buona;Ore Diurne;3;0;1;2;;;-1;2;Autovettura privata;In marcia / fermata / arresto;Conducente;F;Illeso;0;;Non accertato;Inesistente
1715602;2;09/03/2007 13:45;Strada Urbana;VIA PINCIANA;all'intersezione semaforizzata con;VIA GIOVANNI SGAMBATI;VIA GIOVANNI SGAMBATI;;;Scontro laterale fra veicoli in marcia;Intersezione semaforizzata;Due carreggiate;Asciutto;Asfaltata;Verticale ed orizzontale;Nuvoloso;Normale;Buona;Ore Diurne;0;0;0;3;;;-1;1;Motociclo con passeggero;In marcia / fermata / arresto;Conducente;M;Illeso;0;;Non accertato;Inesistente
1715602;2;09/03/2007 13:45;Strada Urbana;VIA PINCIANA;all'intersezione semaforizzata con;VIA GIOVANNI SGAMBATI;VIA GIOVANNI SGAMBATI;;;Scontro laterale fra veicoli in marcia;Intersezione semaforizzata;Due carreggiate;Asciutto;Asfaltata;Verticale ed orizzontale;Nuvoloso;Normale;Buona;Ore Diurne;0;0;0;3;;;-1;1;Motociclo con passeggero;In marcia / fermata / arresto;Passeggero;F;Illeso;0;;Non accertato;Inesistente
1715602;2;09/03/2007 13:45;Strada Urbana;VIA PINCIANA;all'intersezione semaforizzata con;VIA GIOVANNI SGAMBATI;VIA GIOVANNI SGAMBATI;;;Scontro laterale fra veicoli in marcia;Intersezione semaforizzata;Due carreggiate;Asciutto;Asfaltata;Verticale ed orizzontale;Nuvoloso;Normale;Buona;Ore Diurne;0;0;0;3;;;-1;2;Autovettura privata;In marcia / fermata / arresto;Conducente;M;Illeso;0;;Non accertato;Inesistente
1715603;2;09/03/2007 16:30;Strada Urbana;VIA LIVENZA;in prossimità;;del civico n. ;8;;Ribaltamento senza urto contro ostacolo fisso;Rettilineo;Una carreggiata a senso unico di marcia;Asciutto;Asfaltata;Orizzontale;Nuvoloso;Normale;Buona;Ore Diurne;0;0;0;3;;;-1;1;Autovettura privata;In marcia / fermata / arresto;Conducente;M;Illeso;0;;Non accertato;Inesploso
1715603;2;09/03/2007 16:30;Strada Urbana;VIA LIVENZA;in prossimità;;del civico n. ;8;;Ribaltamento senza urto contro ostacolo fisso;Rettilineo;Una carreggiata a senso unico di marcia;Asciutto;Asfaltata;Orizzontale;Nuvoloso;Normale;Buona;Ore Diurne;0;0;0;3;;;-1;2;Autovettura privata;In marcia / fermata / arresto;Conducente;M;Illeso;0;;Non accertato;Inesploso
1715603;2;09/03/2007 16:30;Strada Urbana;VIA LIVENZA;in prossimità;;del civico n. ;8;;Ribaltamento senza urto contro ostacolo fisso;Rettilineo;Una carreggiata a senso unico di marcia;Asciutto;Asfaltata;Orizzontale;Nuvoloso;Normale;Buona;Ore Diurne;0;0;0;3;;;-1;2;Autovettura privata;In marcia / fermata / arresto;Passeggero;F;Illeso;0;;Non accertato;Inesploso
1715604;2;10/03/2007 02:20;Strada Urbana;VIA LUCRINO;all'intersezione con;PIAZZA ACILIA;PIAZZA ACILIA;;;Scontro frontale/laterale DX fra veicoli in marcia;Incrocio;Una carreggiata a doppio senso;Asciutto;Asfaltata;Verticale ed orizzontale;Sereno;Scarso;Buona;Sufficiente;0;0;0;6;;;-1;1;Autovettura privata;In marcia / fermata / arresto;Conducente;M;Illeso;0;;Utilizzato;Inesploso
1715604;2;10/03/2007 02:20;Strada Urbana;VIA LUCRINO;all'intersezione con;PIAZZA ACILIA;PIAZZA ACILIA;;;Scontro frontale/laterale DX fra veicoli in marcia;Incrocio;Una carreggiata a doppio senso;Asciutto;Asfaltata;Verticale ed orizzontale;Sereno;Scarso;Buona;Sufficiente;0;0;0;6;;;-1;1;Autovettura privata;In marcia / fermata / arresto;Passeggero;M;Illeso;0;;Utilizzato;Inesploso
1715604;2;10/03/2007 02:20;Strada Urbana;VIA LUCRINO;all'intersezione con;PIAZZA ACILIA;PIAZZA ACILIA;;;Scontro frontale/laterale DX fra veicoli in marcia;Incrocio;Una carreggiata a doppio senso;Asciutto;Asfaltata;Verticale ed orizzontale;Sereno;Scarso;Buona;Sufficiente;0;0;0;6;;;-1;1;Autovettura privata;In marcia / fermata / arresto;Passeggero;F;Illeso;0;;Utilizzato;Inesploso
1715604;2;10/03/2007 02:20;Strada Urbana;VIA LUCRINO;all'intersezione con;PIAZZA ACILIA;PIAZZA ACILIA;;;Scontro frontale/laterale DX fra veicoli in marcia;Incrocio;Una carreggiata a doppio senso;Asciutto;Asfaltata;Verticale ed orizzontale;Sereno;Scarso;Buona;Sufficiente;0;0;0;6;;;-1;1;Autovettura privata;In marcia / fermata / arresto;Passeggero;M;Illeso;0;;Utilizzato;Inesistente
1715604;2;10/03/2007 02:20;Strada Urbana;VIA LUCRINO;all'intersezione con;PIAZZA ACILIA;PIAZZA ACILIA;;;Scontro frontale/laterale DX fra veicoli in marcia;Incrocio;Una carreggiata a doppio senso;Asciutto;Asfaltata;Verticale ed orizzontale;Sereno;Scarso;Buona;Sufficiente;0;0;0;6;;;-1;2;Autovettura privata;In marcia / fermata / arresto;Conducente;F;Illeso;0;;Utilizzato;Inesploso
1715604;2;10/03/2007 02:20;Strada Urbana;VIA LUCRINO;all'intersezione con;PIAZZA ACILIA;PIAZZA ACILIA;;;Scontro frontale/laterale DX fra veicoli in marcia;Incrocio;Una carreggiata a doppio senso;Asciutto;Asfaltata;Verticale ed orizzontale;Sereno;Scarso;Buona;Sufficiente;0;0;0;6;;;-1;2;Autovettura privata;In marcia / fermata / arresto;Passeggero;M;Illeso;0;;Utilizzato;Inesistente
1715605;3;08/03/2007 08:45;Strada Urbana;VIA NOMENTANA;in prossimità;;del civico n. ;147;;Investimento di pedone;Rettilineo;Più di due carreggiate;Asciutto;Asfaltata;Orizzontale;Nuvoloso;Normale;Buona;Ore Diurne;1;0;0;1;;;-1;;;;Pedone;F;Ricoverato;0;NON DECEDUTO;;
1715605;3;08/03/2007 08:45;Strada Urbana;VIA NOMENTANA;in prossimità;;del civico n. ;147;;Investimento di pedone;Rettilineo;Più di due carreggiate;Asciutto;Asfaltata;Orizzontale;Nuvoloso;Normale;Buona;Ore Diurne;1;0;0;1;;;-1;1;Autovettura privata;In marcia / fermata / arresto;Conducente;M;Illeso;0;;Non accertato;Inesploso
1715606;3;08/03/2007 10:15;Strada Urbana;VIA TIBURTINA;in prossimità;;del civico n. ;132;;Tamponamento;Rettilineo;Una carreggiata a doppio senso;Asciutto;Asfaltata;Verticale ed orizzontale;Nuvoloso;Normale;Sufficiente;Ore Diurne;0;0;0;3;;;-1;1;Autovettura privata;In marcia / fermata / arresto;Conducente;F;Illeso;0;;Non accertato;Inesistente
1715606;3;08/03/2007 10:15;Strada Urbana;VIA TIBURTINA;in prossimità;;del civico n. ;132;;Tamponamento;Rettilineo;Una carreggiata a doppio senso;Asciutto;Asfaltata;Verticale ed orizzontale;Nuvoloso;Normale;Sufficiente;Ore Diurne;0;0;0;3;;;-1;2;Autovettura di polizia;In marcia / fermata / arresto;Conducente;M;Illeso;0;;Non accertato;Inesistente
1715606;3;08/03/2007 10:15;Strada Urbana;VIA TIBURTINA;in prossimità;;del civico n. ;132;;Tamponamento;Rettilineo;Una carreggiata a doppio senso;Asciutto;Asfaltata;Verticale ed orizzontale;Nuvoloso;Normale;Sufficiente;Ore Diurne;0;0;0;3;;;-1;2;Autovettura di polizia;In marcia / fermata / arresto;Passeggero;F;Illeso;0;;Non accertato;Inesistente
1715607;3;08/03/2007 12:20;Strada Urbana;Tangenziale Est direzione S. Giovanni;da specificare;;;;altezza Batteria Nomentana;Tamponamento Multiplo;Rettilineo;Due carreggiate;Asciutto;Asfaltata;Assente;Sereno;Intenso;Buona;Ore Diurne;1;0;0;3;;;-1;1;Autovettura privata;In marcia / fermata / arresto;Conducente;M;Illeso;0;;Non accertato;Inesistente
1715607;3;08/03/2007 12:20;Strada Urbana;Tangenziale Est direzione S. Giovanni;da specificare;;;;altezza Batteria Nomentana;Tamponamento Multiplo;Rettilineo;Due carreggiate;Asciutto;Asfaltata;Assente;Sereno;Intenso;Buona;Ore Diurne;1;0;0;3;;;-1;2;Autovettura di polizia;In marcia / fermata / arresto;Conducente;M;Rimandato;0;NON DECEDUTO;Non accertato;Inesistente
1715607;3;08/03/2007 12:20;Strada Urbana;Tangenziale Est direzione S. Giovanni;da specificare;;;;altezza Batteria Nomentana;Tamponamento Multiplo;Rettilineo;Due carreggiate;Asciutto;Asfaltata;Assente;Sereno;Intenso;Buona;Ore Diurne;1;0;0;3;;;-1;2;Autovettura di polizia;In marcia / fermata / arresto;Passeggero;M;Illeso;0;;Non accertato;Inesistente
1715607;3;08/03/2007 12:20;Strada Urbana;Tangenziale Est direzione S. Giovanni;da specificare;;;;altezza Batteria Nomentana;Tamponamento Multiplo;Rettilineo;Due carreggiate;Asciutto;Asfaltata;Assente;Sereno;Intenso;Buona;Ore Diurne;1;0;0;3;;;-1;3;Autovettura privata;In marcia / fermata / arresto;Conducente;M;Illeso;0;;Non accertato;Inesistente
1715608;3;08/03/2007 13:10;Statale entro l'abitato;VIA NOMENTANA;all'intersezione semaforizzata con;VIA GIUSEPPE TOMASSETTI;VIA GIUSEPPE TOMASSETTI;;;Scontro laterale fra veicoli in marcia;Intersezione semaforizzata;Più di due carreggiate;Asciutto;Asfaltata;Verticale ed orizzontale;Sereno;Normale;Sufficiente;Ore Diurne;0;0;0;3;;;-1;1;Motociclo a solo;In marcia / fermata / arresto;Conducente;M;Illeso;0;;Non accertato;Inesistente
1715608;3;08/03/2007 13:10;Statale entro l'abitato;VIA NOMENTANA;all'intersezione semaforizzata con;VIA GIUSEPPE TOMASSETTI;VIA GIUSEPPE TOMASSETTI;;;Scontro laterale fra veicoli in marcia;Intersezione semaforizzata;Più di due carreggiate;Asciutto;Asfaltata;Verticale ed orizzontale;Sereno;Normale;Sufficiente;Ore Diurne;0;0;0;3;;;-1;2;Autovettura di polizia;In marcia / fermata / arresto;Conducente;M;Illeso;0;;Non accertato;Inesploso
1715608;3;08/03/2007 13:10;Statale entro l'abitato;VIA NOMENTANA;all'intersezione semaforizzata con;VIA GIUSEPPE TOMASSETTI;VIA GIUSEPPE TOMASSETTI;;;Scontro laterale fra veicoli in marcia;Intersezione semaforizzata;Più di due carreggiate;Asciutto;Asfaltata;Verticale ed orizzontale;Sereno;Normale;Sufficiente;Ore Diurne;0;0;0;3;;;-1;2;Autovettura di polizia;In marcia / fermata / arresto;Passeggero;M;Illeso;0;;Non accertato;Inesistente
1715609;3;08/03/2007 13:30;Strada Urbana;tangenziale / est dir. salaria;da specificare;;;;fronte civico 154;Tamponamento;Rettilineo;Due carreggiate;Asciutto;Asfaltata;Verticale;Sereno;Normale;Sufficiente;Ore Diurne;1;0;0;3;;;-1;1;Autovettura privata;In marcia / fermata / arresto;Conducente;F;Illeso;0;;Utilizzato;Inesistente
1715609;3;08/03/2007 13:30;Strada Urbana;tangenziale / est dir. salaria;da specificare;;;;fronte civico 154;Tamponamento;Rettilineo;Due carreggiate;Asciutto;Asfaltata;Verticale;Sereno;Normale;Sufficiente;Ore Diurne;1;0;0;3;;;-1;2;Autovettura privata;In marcia / fermata / arresto;Conducente;F;Rimandato;0;NON DECEDUTO;Non accertato;Inesistente