Protocollo;Gruppo;DataOraIncidente;Localizzazione1;STRADA1;Localizzazione2;STRADA2;Strada02;Chilometrica;DaSpecificare;NaturaIncidente;particolaritastrade;TipoStrada;FondoStradale;Pavimentazione;Segnaletica;CondizioneAtmosferica;Traffico;Visibilita;Illuminazione;NUM_FERITI;NUM_RISERVATA;NUM_MORTI;NUM_ILLESI;Longitudine;Latitudine;Confermato;Progressivo;TipoVeicolo;StatoVeicolo;TipoPersona;Sesso;Tipolesione;Deceduto;DecedutoDopo;CinturaCascoUtilizzato;Airbag
1715938;20;12/03/2007 21:30;Statale;VIA FLAMINIA;all'intersezione con;VIA SACROFANESE;VIA SACROFANESE;;;Tamponamento;Intersezione stradale segnalata;Una carreggiata a doppio senso;Asciutto;Asfaltata;Verticale ed orizzontale;Sereno;Scarso;Buona;Inesistente;0;0;0;5;;;-1;1;Autovettura privata;In marcia / fermata / arresto;Passeggero;M;Illeso;0;;Non accertato;Inesploso
1715938;20;12/03/2007 21:30;Statale;VIA FLAMINIA;all'intersezione con;VIA SACROFANESE;VIA SACROFANESE;;;Tamponamento;Intersezione stradale segnalata;Una carreggiata a doppio senso;Asciutto;Asfaltata;Verticale ed orizzontale;Sereno;Scarso;Buona;Inesistente;0;0;0;5;;;-1;1;Autovettura privata;In marcia / fermata / arresto;Passeggero;M;Illeso;0;;Non accertato;Inesploso
1715938;20;12/03/2007 21:30;Statale;VIA FLAMINIA;all'intersezione con;VIA SACROFANESE;VIA SACROFANESE;;;Tamponamento;Intersezione stradale segnalata;Una carreggiata a doppio senso;Asciutto;Asfaltata;Verticale ed orizzontale;Sereno;Scarso;Buona;Inesistente;0;0;0;5;;;-1;1;Autovettura privata;In marcia / fermata / arresto;Conducente;F;Illeso;0;;Non accertato;Inesploso
1715938;20;12/03/2007 21:30;Statale;VIA FLAMINIA;all'intersezione con;VIA SACROFANESE;VIA SACROFANESE;;;Tamponamento;Intersezione stradale segnalata;Una carreggiata a doppio senso;Asciutto;Asfaltata;Verticale ed orizzontale;Sereno;Scarso;Buona;Inesistente;0;0;0;5;;;-1;2;Autovettura privata;In marcia / fermata / arresto;Conducente;M;Illeso;0;;Non accertato;Inesploso
1715938;20;12/03/2007 21:30;Statale;VIA FLAMINIA;all'intersezione con;VIA SACROFANESE;VIA SACROFANESE;;;Tamponamento;Intersezione stradale segnalata;Una carreggiata a doppio senso;Asciutto;Asfaltata;Verticale ed orizzontale;Sereno;Scarso;Buona;Inesistente;0;0;0;5;;;-1;2;Autovettura privata;In marcia / fermata / arresto;Passeggero;M;Illeso;0;;Non accertato;Inesploso
1715954;12;08/03/2007 10:15;Strada Urbana;VIALE DEGLI EROI DI RODI;in prossimità;;del civico n. ;102;;Scontro laterale fra veicoli in marcia;Rettilineo;Una carreggiata a senso unico di marcia;Bagnato (pioggia);Asfaltata;Orizzontale;Nuvoloso;Normale;Buona;Ore Diurne;1;0;0;2;;;-1;1;Motociclo a solo;In marcia / fermata / arresto;Conducente;M;Rimandato;0;NON DECEDUTO;Utilizzato;Inesistente
1715954;12;08/03/2007 10:15;Strada Urbana;VIALE DEGLI EROI DI RODI;in prossimità;;del civico n. ;102;;Scontro laterale fra veicoli in marcia;Rettilineo;Una carreggiata a senso unico di marcia;Bagnato (pioggia);Asfaltata;Orizzontale;Nuvoloso;Normale;Buona;Ore Diurne;1;0;0;2;;;-1;2;Autovettura privata;In marcia / fermata / arresto;Conducente;M;Illeso;0;;Utilizzato;Inesistente
1715954;12;08/03/2007 10:15;Strada Urbana;VIALE DEGLI EROI DI RODI;in prossimità;;del civico n. ;102;;Scontro laterale fra veicoli in marcia;Rettilineo;Una carreggiata a senso unico di marcia;Bagnato (pioggia);Asfaltata;Orizzontale;Nuvoloso;Normale;Buona;Ore Diurne;1;0;0;2;;;-1;2;Autovettura privata;In marcia / fermata / arresto;Passeggero;F;Illeso;0;;Utilizzato;Inesistente
1715955;12;08/03/2007 10:25;Strada Urbana;VIA DELLE TRE FONTANE;da specificare;;;;in prossimità di piazza S. Domingo;Tamponamento;Rettilineo;Una carreggiata a doppio senso;Bagnato (pioggia);Asfaltata;Orizzontale;Nuvoloso;Normale;Buona;Ore Diurne;0;0;0;2;;;-1;1;Autovettura privata;In marcia / fermata / arresto;Conducente;M;Illeso;0;;Utilizzato;Inesistente
1715955;12;08/03/2007 10:25;Strada Urbana;VIA DELLE TRE FONTANE;da specificare;;;;in prossimità di piazza S. Domingo;Tamponamento;Rettilineo;Una carreggiata a doppio senso;Bagnato (pioggia);Asfaltata;Orizzontale;Nuvoloso;Normale;Buona;Ore Diurne;0;0;0;2;;;-1;2;Autovettura privata;In marcia / fermata / arresto;Conducente;F;Illeso;0;;Utilizzato;Inesploso
1715956;12;09/03/2007 04:00;Strada Urbana;VIA PONTINA;da specificare;;;;alt. G.R.A. dir. pomezia;Tamponamento;Rettilineo;Due carreggiate;Asciutto;Asfaltata;Verticale ed orizzontale;Sereno;Scarso;Buona;Sufficiente;0;0;0;8;;;-1;1;Autovettura privata;In marcia / fermata / arresto;Conducente;F;Illeso;0;;Utilizzato;Inesistente
1715956;12;09/03/2007 04:00;Strada Urbana;VIA PONTINA;da specificare;;;;alt. G.R.A. dir. pomezia;Tamponamento;Rettilineo;Due carreggiate;Asciutto;Asfaltata;Verticale ed orizzontale;Sereno;Scarso;Buona;Sufficiente;0;0;0;8;;;-1;1;Autovettura privata;In marcia / fermata / arresto;Passeggero;F;Illeso;0;;Utilizzato;Inesistente
1715956;12;09/03/2007 04:00;Strada Urbana;VIA PONTINA;da specificare;;;;alt. G.R.A. dir. pomezia;Tamponamento;Rettilineo;Due carreggiate;Asciutto;Asfaltata;Verticale ed orizzontale;Sereno;Scarso;Buona;Sufficiente;0;0;0;8;;;-1;1;Autovettura privata;In marcia / fermata / arresto;Passeggero;F;Illeso;0;;Utilizzato;Inesistente
1715956;12;09/03/2007 04:00;Strada Urbana;VIA PONTINA;da specificare;;;;alt. G.R.A. dir. pomezia;Tamponamento;Rettilineo;Due carreggiate;Asciutto;Asfaltata;Verticale ed orizzontale;Sereno;Scarso;Buona;Sufficiente;0;0;0;8;;;-1;2;Autovettura privata;In marcia / fermata / arresto;Conducente;M;Illeso;0;;Utilizzato;Inesploso
1715956;12;09/03/2007 04:00;Strada Urbana;VIA PONTINA;da specificare;;;;alt. G.R.A. dir. pomezia;Tamponamento;Rettilineo;Due carreggiate;Asciutto;Asfaltata;Verticale ed orizzontale;Sereno;Scarso;Buona;Sufficiente;0;0;0;8;;;-1;2;Autovettura privata;In marcia / fermata / arresto;Passeggero;M;Illeso;0;;Utilizzato;Inesistente
1715956;12;09/03/2007 04:00;Strada Urbana;VIA PONTINA;da specificare;;;;alt. G.R.A. dir. pomezia;Tamponamento;Rettilineo;Due carreggiate;Asciutto;Asfaltata;Verticale ed orizzontale;Sereno;Scarso;Buona;Sufficiente;0;0;0;8;;;-1;2;Autovettura privata;In marcia / fermata / arresto;Passeggero;M;Illeso;0;;Utilizzato;Inesistente
1715956;12;09/03/2007 04:00;Strada Urbana;VIA PONTINA;da specificare;;;;alt. G.R.A. dir. pomezia;Tamponamento;Rettilineo;Due carreggiate;Asciutto;Asfaltata;Verticale ed orizzontale;Sereno;Scarso;Buona;Sufficiente;0;0;0;8;;;-1;2;Autovettura privata;In marcia / fermata / arresto;Passeggero;M;Illeso;0;;Utilizzato;Inesistente
1715957;12;09/03/2007 10:00;Strada Urbana;VIA SERGIO DE VITIS;da specificare;;;;pross. via Mallozzi;Veicolo in marcia contro ostacolo accidentale;Rettilineo;Una carreggiata a doppio senso;Asciutto;Asfaltata;Verticale ed orizzontale;Sereno;Scarso;Buona;Ore Diurne;0;0;0;2;;;-1;1;Autovettura privata;In marcia / fermata / arresto;Conducente;F;Illeso;0;;Utilizzato;Inesistente
1715957;12;09/03/2007 10:00;Strada Urbana;VIA SERGIO DE VITIS;da specificare;;;;pross. via Mallozzi;Veicolo in marcia contro ostacolo accidentale;Rettilineo;Una carreggiata a doppio senso;Asciutto;Asfaltata;Verticale ed orizzontale;Sereno;Scarso;Buona;Ore Diurne;0;0;0;2;;;-1;1;Autovettura privata;In marcia / fermata / arresto;Passeggero;F;Illeso;0;;Utilizzato;Inesistente
1715958;12;09/03/2007 12:00;Strada Urbana;VIALE DEI CADUTI NELLA GUERRA DI LIBERAZ;in prossimità;;del civico n. ;152;;Tamponamento;Rettilineo;Una carreggiata a senso unico di marcia;Asciutto;Asfaltata;Verticale;Sereno;Scarso;Buona;Ore Diurne;0;0;0;3;;;-1;1;Autovettura privata;In marcia / fermata / arresto;Passeggero;F;Illeso;0;;Utilizzato;Inesistente
1715958;12;09/03/2007 12:00;Strada Urbana;VIALE DEI CADUTI NELLA GUERRA DI LIBERAZ;in prossimità;;del civico n. ;152;;Tamponamento;Rettilineo;Una carreggiata a senso unico di marcia;Asciutto;Asfaltata;Verticale;Sereno;Scarso;Buona;Ore Diurne;0;0;0;3;;;-1;1;Autovettura privata;In marcia / fermata / arresto;Conducente;M;Illeso;0;;Utilizzato;Inesistente
1715958;12;09/03/2007 12:00;Strada Urbana;VIALE DEI CADUTI NELLA GUERRA DI LIBERAZ;in prossimità;;del civico n. ;152;;Tamponamento;Rettilineo;Una carreggiata a senso unico di marcia;Asciutto;Asfaltata;Verticale;Sereno;Scarso;Buona;Ore Diurne;0;0;0;3;;;-1;2;Autocarro inferiore 35 q.;In marcia / fermata / arresto;Conducente;M;Illeso;0;;Utilizzato;Inesistente
1715959;12;09/03/2007 14:50;Strada Urbana;VIA DI ACQUA ACETOSA OSTIENSE;all'intersezione con;VIA DI DECIMA;VIA DI DECIMA;;;Scontro laterale fra veicoli in marcia;Rotatoria;Una carreggiata a senso unico di marcia;Asciutto;Asfaltata;Verticale ed orizzontale;Sereno;Normale;Buona;Ore Diurne;0;0;0;2;;;-1;1;Autovettura privata;In marcia / fermata / arresto;Conducente;M;Illeso;0;;Utilizzato;Inesistente
1715959;12;09/03/2007 14:50;Strada Urbana;VIA DI ACQUA ACETOSA OSTIENSE;all'intersezione con;VIA DI DECIMA;VIA DI DECIMA;;;Scontro laterale fra veicoli in marcia;Rotatoria;Una carreggiata a senso unico di marcia;Asciutto;Asfaltata;Verticale ed orizzontale;Sereno;Normale;Buona;Ore Diurne;0;0;0;2;;;-1;2;Autovettura privata;In marcia / fermata / arresto;Conducente;F;Illeso;0;;Utilizzato;Inesistente
1715960;12;09/03/2007 14:55;Strada Urbana;VIA DEI CORAZZIERI;all'intersezione con;VIALE LUCA GAURICO;VIALE LUCA GAURICO;;;Scontro frontale/laterale SX fra veicoli in marcia;Rotatoria;Una carreggiata a doppio senso;Asciutto;Asfaltata;Verticale ed orizzontale;Sereno;Normale;Buona;Ore Diurne;1;0;0;1;;;-1;1;Autovettura privata;In marcia / fermata / arresto;Conducente;F;Illeso;0;;Utilizzato;Inesistente
1715960;12;09/03/2007 14:55;Strada Urbana;VIA DEI CORAZZIERI;all'intersezione con;VIALE LUCA GAURICO;VIALE LUCA GAURICO;;;Scontro frontale/laterale SX fra veicoli in marcia;Rotatoria;Una carreggiata a doppio senso;Asciutto;Asfaltata;Verticale ed orizzontale;Sereno;Normale;Buona;Ore Diurne;1;0;0;1;;;-1;2;Motociclo a solo;In marcia / fermata / arresto;Conducente;M;Ricoverato;0;NON DECEDUTO;Utilizzato;Inesistente
1715961;12;09/03/2007 15:40;Strada Urbana;VIA CRISTOFORO COLOMBO;all'intersezione con;VIALE DELL'UMANESIMO;VIALE DELL'UMANESIMO;;;Scontro frontale/laterale SX fra veicoli in marcia;Incrocio;Una carreggiata a senso unico di marcia;Asciutto;Asfaltata;Verticale ed orizzontale;Sereno;Intenso;Buona;Ore Diurne;1;0;0;2;;;-1;1;Autovettura privata;In marcia / fermata / arresto;Conducente;M;Illeso;0;;Utilizzato;Inesistente
1715961;12;09/03/2007 15:40;Strada Urbana;VIA CRISTOFORO COLOMBO;all'intersezione con;VIALE DELL'UMANESIMO;VIALE DELL'UMANESIMO;;;Scontro frontale/laterale SX fra veicoli in marcia;Incrocio;Una carreggiata a senso unico di marcia;Asciutto;Asfaltata;Verticale ed orizzontale;Sereno;Intenso;Buona;Ore Diurne;1;0;0;2;;;-1;1;Autovettura privata;In marcia / fermata / arresto;Passeggero;M;Illeso;0;;Utilizzato;Inesistente
1715961;12;09/03/2007 15:40;Strada Urbana;VIA CRISTOFORO COLOMBO;all'intersezione con;VIALE DELL'UMANESIMO;VIALE DELL'UMANESIMO;;;Scontro frontale/laterale SX fra veicoli in marcia;Incrocio;Una carreggiata a senso unico di marcia;Asciutto;Asfaltata;Verticale ed orizzontale;Sereno;Intenso;Buona;Ore Diurne;1;0;0;2;;;-1;2;Motociclo a solo;In marcia / fermata / arresto;Conducente;M;Ricoverato;0;NON DECEDUTO;Utilizzato;Inesistente
1715962;12;09/03/2007 17:10;Strada Urbana;VIA DI TRIGORIA;in prossimità;;del civico n. ;10;;Scontro frontale/laterale SX fra veicoli in marcia;Rettilineo;Una carreggiata a doppio senso;Asciutto;Asfaltata;Orizzontale;Sereno;Intenso;Buona;Ore Diurne;1;0;0;2;;;-1;1;Autovettura privata;In marcia / fermata / arresto;Passeggero;F;Illeso;0;;Utilizzato;Inesistente
1715962;12;09/03/2007 17:10;Strada Urbana;VIA DI TRIGORIA;in prossimità;;del civico n. ;10;;Scontro frontale/laterale SX fra veicoli in marcia;Rettilineo;Una carreggiata a doppio senso;Asciutto;Asfaltata;Orizzontale;Sereno;Intenso;Buona;Ore Diurne;1;0;0;2;;;-1;1;Autovettura privata;In marcia / fermata / arresto;Conducente;F;Illeso;0;;Utilizzato;Inesistente
1715962;12;09/03/2007 17:10;Strada Urbana;VIA DI TRIGORIA;in prossimità;;del civico n. ;10;;Scontro frontale/laterale SX fra veicoli in marcia;Rettilineo;Una carreggiata a doppio senso;Asciutto;Asfaltata;Orizzontale;Sereno;Intenso;Buona;Ore Diurne;1;0;0;2;;;-1;2;Motociclo a solo;In marcia / fermata / arresto;Conducente;M;Rimandato;0;NON DECEDUTO;Utilizzato;Inesistente
1715963;12;10/03/2007 14:15;Strada Urbana;VIA DI MEZZOCAMMINO;da specificare;;;;altezza l.go Sergi;Scontro laterale fra veicoli in marcia;Rettilineo;Una carreggiata a doppio senso;Asciutto;Asfaltata;Verticale ed orizzontale;Sereno;Normale;Buona;Ore Diurne;0;0;0;3;;;-1;1;Autovettura privata;In marcia / fermata / arresto;Conducente;F;Illeso;0;;Utilizzato;Inesploso
1715963;12;10/03/2007 14:15;Strada Urbana;VIA DI MEZZOCAMMINO;da specificare;;;;altezza l.go Sergi;Scontro laterale fra veicoli in marcia;Rettilineo;Una carreggiata a doppio senso;Asciutto;Asfaltata;Verticale ed orizzontale;Sereno;Normale;Buona;Ore Diurne;0;0;0;3;;;-1;1;Autovettura privata;In marcia / fermata / arresto;Passeggero;F;Illeso;0;;Utilizzato;Inesistente
1715963;12;10/03/2007 14:15;Strada Urbana;VIA DI MEZZOCAMMINO;da specificare;;;;altezza l.go Sergi;Scontro laterale fra veicoli in marcia;Rettilineo;Una carreggiata a doppio senso;Asciutto;Asfaltata;Verticale ed orizzontale;Sereno;Normale;Buona;Ore Diurne;0;0;0;3;;;-1;2;Autovettura privata;In marcia / fermata / arresto;Conducente;M;Illeso;0;;Utilizzato;Inesistente
1715964;12;10/03/2007 19:25;Strada Urbana;VIA LAURENTINA;da specificare;;;;dir. G.R.A.  alt. via degli Artificeri;Scontro laterale fra veicoli in marcia;Curva a visuale libera;Una carreggiata a senso unico di marcia;Asciutto;Asfaltata;Orizzontale;Sereno;Normale;Buona;Sufficiente;0;0;0;3;;;-1;1;Autovettura privata;In marcia / fermata / arresto;Conducente;M;Illeso;0;;Utilizzato;Inesistente
1715964;12;10/03/2007 19:25;Strada Urbana;VIA LAURENTINA;da specificare;;;;dir. G.R.A.  alt. via degli Artificeri;Scontro laterale fra veicoli in marcia;Curva a visuale libera;Una carreggiata a senso unico di marcia;Asciutto;Asfaltata;Orizzontale;Sereno;Normale;Buona;Sufficiente;0;0;0;3;;;-1;2;Autovettura privata;In marcia / fermata / arresto;Conducente;F;Illeso;0;;Utilizzato;Inesistente
1715964;12;10/03/2007 19:25;Strada Urbana;VIA LAURENTINA;da specificare;;;;dir. G.R.A.  alt. via degli Artificeri;Scontro laterale fra veicoli in marcia;Curva a visuale libera;Una carreggiata a senso unico di marcia;Asciutto;Asfaltata;Orizzontale;Sereno;Normale;Buona;Sufficiente;0;0;0;3;;;-1;2;Autovettura privata;In marcia / fermata / arresto;Passeggero;M;Illeso;0;;Utilizzato;Inesistente
1715965;12;12/03/2007 12:00;Strada Urbana;VIALE BEETHOVEN;da specificare;;;;prossimità V.le Civiltà del Lavoro;Scontro laterale fra veicoli in marcia;Rettilineo;Una carreggiata a doppio senso;Asciutto;Asfaltata;Verticale ed orizzontale;Sereno;Normale;Buona;Ore Diurne;0;0;0;3;;;-1;1;Autovettura privata;In marcia / fermata / arresto;Conducente;F;Illeso;0;;Utilizzato;Inesploso
1715965;12;12/03/2007 12:00;Strada Urbana;VIALE BEETHOVEN;da specificare;;;;prossimità V.le Civiltà del Lavoro;Scontro laterale fra veicoli in marcia;Rettilineo;Una carreggiata a doppio senso;Asciutto;Asfaltata;Verticale ed orizzontale;Sereno;Normale;Buona;Ore Diurne;0;0;0;3;;;-1;1;Autovettura privata;In marcia / fermata / arresto;Passeggero;F;Illeso;0;;Utilizzato;Inesploso
1715965;12;12/03/2007 12:00;Strada Urbana;VIALE BEETHOVEN;da specificare;;;;prossimità V.le Civiltà del Lavoro;Scontro laterale fra veicoli in marcia;Rettilineo;Una carreggiata a doppio senso;Asciutto;Asfaltata;Verticale ed orizzontale;Sereno;Normale;Buona;Ore Diurne;0;0;0;3;;;-1;2;Autovettura privata;In marcia / fermata / arresto;Conducente;M;Illeso;0;;Utilizzato;Inesploso
1715967;13;12/03/2007 08:00;Strada Urbana;VIALE DEI ROMAGNOLI;in prossimità;;del civico n. ;207;;Veicolo in marcia contro ostacolo accidentale;Rettilineo;Una carreggiata a senso unico di marcia;Asciutto;Asfaltata;Assente;Sereno;Normale;Buona;Ore Diurne;0;0;0;2;;;-1;1;Autocarro inferiore 35 q.;In marcia / fermata / arresto;Conducente;M;Illeso;0;;Non accertato;Inesploso
1715967;13;12/03/2007 08:00;Strada Urbana;VIALE DEI ROMAGNOLI;in prossimità;;del civico n. ;207;;Veicolo in marcia contro ostacolo accidentale;Rettilineo;Una carreggiata a senso unico di marcia;Asciutto;Asfaltata;Assente;Sereno;Normale;Buona;Ore Diurne;0;0;0;2;;;-1;2;Autobus urbano;In marcia / fermata / arresto;Conducente;M;Illeso;0;;Non accertato;Inesploso
1715968;13;12/03/2007 09:00;Strada Urbana;PIAZZALE DELLA STAZIONE DEL LIDO;all'intersezione con;VIA DEI PALLOTTINI;VIA DEI PALLOTTINI;;;Tamponamento;Incrocio;Una carreggiata a doppio senso;Asciutto;Asfaltata;Orizzontale;Sereno;Normale;Buona;Ore Diurne;6;0;0;1;;;-1;1;Autovettura privata;In marcia / fermata / arresto;Conducente;F;Rimandato;0;NON DECEDUTO;Non accertato;Inesploso
1715968;13;12/03/2007 09:00;Strada Urbana;PIAZZALE DELLA STAZIONE DEL LIDO;all'intersezione con;VIA DEI PALLOTTINI;VIA DEI PALLOTTINI;;;Tamponamento;Incrocio;Una carreggiata a doppio senso;Asciutto;Asfaltata;Orizzontale;Sereno;Normale;Buona;Ore Diurne;6;0;0;1;;;-1;1;Autovettura privata;In marcia / fermata / arresto;Passeggero;F;Rimandato;0;NON DECEDUTO;Non accertato;Inesploso
1715968;13;12/03/2007 09:00;Strada Urbana;PIAZZALE DELLA STAZIONE DEL LIDO;all'intersezione con;VIA DEI PALLOTTINI;VIA DEI PALLOTTINI;;;Tamponamento;Incrocio;Una carreggiata a doppio senso;Asciutto;Asfaltata;Orizzontale;Sereno;Normale;Buona;Ore Diurne;6;0;0;1;;;-1;2;Autobus di linea;In marcia / fermata / arresto;Conducente;M;Illeso;0;;Non accertato;Inesistente
1715968;13;12/03/2007 09:00;Strada Urbana;PIAZZALE DELLA STAZIONE DEL LIDO;all'intersezione con;VIA DEI PALLOTTINI;VIA DEI PALLOTTINI;;;Tamponamento;Incrocio;Una carreggiata a doppio senso;Asciutto;Asfaltata;Orizzontale;Sereno;Normale;Buona;Ore Diurne;6;0;0;1;;;-1;2;Autobus di linea;In marcia / fermata / arresto;Passeggero;F;Rimandato;0;NON DECEDUTO;Non utilizzato;Inesistente
1715968;13;12/03/2007 09:00;Strada Urbana;PIAZZALE DELLA STAZIONE DEL LIDO;all'intersezione con;VIA DEI PALLOTTINI;VIA DEI PALLOTTINI;;;Tamponamento;Incrocio;Una carreggiata a doppio senso;Asciutto;Asfaltata;Orizzontale;Sereno;Normale;Buona;Ore Diurne;6;0;0;1;;;-1;2;Autobus di linea;In marcia / fermata / arresto;Passeggero;F;Rimandato;0;NON DECEDUTO;Non utilizzato;Inesistente
1715968;13;12/03/2007 09:00;Strada Urbana;PIAZZALE DELLA STAZIONE DEL LIDO;all'intersezione con;VIA DEI PALLOTTINI;VIA DEI PALLOTTINI;;;Tamponamento;Incrocio;Una carreggiata a doppio senso;Asciutto;Asfaltata;Orizzontale;Sereno;Normale;Buona;Ore Diurne;6;0;0;1;;;-1;2;Autobus di linea;In marcia / fermata / arresto;Passeggero;F;Rimandato;0;NON DECEDUTO;Non utilizzato;Inesistente
1715968;13;12/03/2007 09:00;Strada Urbana;PIAZZALE DELLA STAZIONE DEL LIDO;all'intersezione con;VIA DEI PALLOTTINI;VIA DEI PALLOTTINI;;;Tamponamento;Incrocio;Una carreggiata a doppio senso;Asciutto;Asfaltata;Orizzontale;Sereno;Normale;Buona;Ore Diurne;6;0;0;1;;;-1;2;Autobus di linea;In marcia / fermata / arresto;Passeggero;M;Rimandato;0;NON DECEDUTO;Non utilizzato;Inesistente
1715969;13;12/03/2007 10:00;Strada Urbana;VIALE DELLE REPUBBLICHE MARINARE;all'intersezione con;VIALE ALFREDO ZAMBRINI;VIALE ALFREDO ZAMBRINI;;;Scontro laterale fra veicoli in marcia;Incrocio;Due carreggiate;Asciutto;Asfaltata;Orizzontale;Sereno;Normale;Buona;Ore Diurne;0;0;0;3;;;-1;1;Autovettura privata;In marcia / fermata / arresto;Conducente;M;Illeso;0;;Non accertato;Inesploso
1715969;13;12/03/2007 10:00;Strada Urbana;VIALE DELLE REPUBBLICHE MARINARE;all'intersezione con;VIALE ALFREDO ZAMBRINI;VIALE ALFREDO ZAMBRINI;;;Scontro laterale fra veicoli in marcia;Incrocio;Due carreggiate;Asciutto;Asfaltata;Orizzontale;Sereno;Normale;Buona;Ore Diurne;0;0;0;3;;;-1;2;Autovettura privata;In marcia / fermata / arresto;Conducente;M;Illeso;0;;Non accertato;Inesploso
1715969;13;12/03/2007 10:00;Strada Urbana;VIALE DELLE REPUBBLICHE MARINARE;all'intersezione con;VIALE ALFREDO ZAMBRINI;VIALE ALFREDO ZAMBRINI;;;Scontro laterale fra veicoli in marcia;Incrocio;Due carreggiate;Asciutto;Asfaltata;Orizzontale;Sereno;Normale;Buona;Ore Diurne;0;0;0;3;;;-1;2;Autovettura privata;In marcia / fermata / arresto;Passeggero;F;Illeso;0;;Non accertato;Inesploso
1715970;13;12/03/2007 11:10;Strada Urbana;VIA CARLO MARENCO DI MORIONDO;all'intersezione con;VIA COSTANZO CASANA;VIA COSTANZO CASANA;;;Scontro frontale fra veicoli in marcia;Incrocio;Una carreggiata a doppio senso;Asciutto;Asfaltata;Orizzontale;Sereno;Normale;Buona;Ore Diurne;2;0;0;1;;;-1;1;Autovettura privata;In marcia / fermata / arresto;Conducente;M;Rimandato;0;NON DECEDUTO;Non accertato;Inesploso
1715970;13;12/03/2007 11:10;Strada Urbana;VIA CARLO MARENCO DI MORIONDO;all'intersezione con;VIA COSTANZO CASANA;VIA COSTANZO CASANA;;;Scontro frontale fra veicoli in marcia;Incrocio;Una carreggiata a doppio senso;Asciutto;Asfaltata;Orizzontale;Sereno;Normale;Buona;Ore Diurne;2;0;0;1;;;-1;2;Autovettura privata;In marcia / fermata / arresto;Conducente;M;Rifiuta cure immediate;0;NON DECEDUTO;Non accertato;Inesploso
1715970;13;12/03/2007 11:10;Strada Urbana;VIA CARLO MARENCO DI MORIONDO;all'intersezione con;VIA COSTANZO CASANA;VIA COSTANZO CASANA;;;Scontro frontale fra veicoli in marcia;Incrocio;Una carreggiata a doppio senso;Asciutto;Asfaltata;Orizzontale;Sereno;Normale;Buona;Ore Diurne;2;0;0;1;;;-1;3;Autovettura privata;In marcia / fermata / arresto;Conducente;M;Illeso;0;;Non accertato;Inesistente
1715971;13;12/03/2007 11:35;Strada Urbana;VIALE DEI ROMAGNOLI;all'intersezione con;VIALE CHARLES LENORMANT;VIALE CHARLES LENORMANT;;;Scontro frontale fra veicoli in marcia;Incrocio;Una carreggiata a doppio senso;Asciutto;Asfaltata;Orizzontale;Sereno;Normale;Buona;Ore Diurne;1;0;0;1;;;-1;1;Autovettura privata;In marcia / fermata / arresto;Conducente;M;Rifiuta cure immediate;0;NON DECEDUTO;Non accertato;Inesploso
1715971;13;12/03/2007 11:35;Strada Urbana;VIALE DEI ROMAGNOLI;all'intersezione con;VIALE CHARLES LENORMANT;VIALE CHARLES LENORMANT;;;Scontro frontale fra veicoli in marcia;Incrocio;Una carreggiata a doppio senso;Asciutto;Asfaltata;Orizzontale;Sereno;Normale;Buona;Ore Diurne;1;0;0;1;;;-1;2;Autovettura privata;In marcia / fermata / arresto;Conducente;M;Illeso;0;;Non accertato;Inesploso
1715972;13;12/03/2007 16:00;Strada Urbana;VIA DI TOR BOACCIANA;all'intersezione con;VIA DEL PONTE DI TOR BOACCIANA;VIA DEL PONTE DI TOR BOACCIANA;;;Scontro frontale/laterale DX fra veicoli in marcia;Incrocio;Una carreggiata a doppio senso;Asciutto;Asfaltata;Verticale ed orizzontale;Sereno;Intenso;Buona;Ore Diurne;1;0;0;2;;;-1;1;Autovettura privata;In marcia / fermata / arresto;Conducente;F;Rimandato;0;NON DECEDUTO;Non accertato;Inesploso
1715972;13;12/03/2007 16:00;Strada Urbana;VIA DI TOR BOACCIANA;all'intersezione con;VIA DEL PONTE DI TOR BOACCIANA;VIA DEL PONTE DI TOR BOACCIANA;;;Scontro frontale/laterale DX fra veicoli in marcia;Incrocio;Una carreggiata a doppio senso;Asciutto;Asfaltata;Verticale ed orizzontale;Sereno;Intenso;Buona;Ore Diurne;1;0;0;2;;;-1;2;Autovettura privata;In marcia / fermata / arresto;Conducente;M;Illeso;0;;Non accertato;Inesistente
1715972;13;12/03/2007 16:00;Strada Urbana;VIA DI TOR BOACCIANA;all'intersezione con;VIA DEL PONTE DI TOR BOACCIANA;VIA DEL PONTE DI TOR BOACCIANA;;;Scontro frontale/laterale DX fra veicoli in marcia;Incrocio;Una carreggiata a doppio senso;Asciutto;Asfaltata;Verticale ed orizzontale;Sereno;Intenso;Buona;Ore Diurne;1;0;0;2;;;-1;2;Autovettura privata;In marcia / fermata / arresto;Passeggero;F;Illeso;0;;Non accertato;Inesistente
1715973;13;12/03/2007 20:10;Strada Urbana;CORSO DUCA DI GENOVA;in corrispondenza;;del civico n. ;40;;Scontro laterale fra veicoli in marcia;Rettilineo;Una carreggiata a doppio senso;Asciutto;Asfaltata;Assente;Nuvoloso;Normale;Buona;Sufficiente;0;0;0;2;;;-1;1;Autovettura privata;In marcia / fermata / arresto;Conducente;M;Illeso;0;;Non accertato;Inesploso
1715973;13;12/03/2007 20:10;Strada Urbana;CORSO DUCA DI GENOVA;in corrispondenza;;del civico n. ;40;;Scontro laterale fra veicoli in marcia;Rettilineo;Una carreggiata a doppio senso;Asciutto;Asfaltata;Assente;Nuvoloso;Normale;Buona;Sufficiente;0;0;0;2;;;-1;2;Autovettura privata;In marcia / fermata / arresto;Conducente;F;Illeso;0;;Utilizzato;Inesploso
1715974;15;09/03/2007 12:50;Strada Urbana;PIAZZA ENRICO FERMI;da specificare;;;;PROX. VIA G. CARDANO;Investimento di pedone;Rettilineo;Una carreggiata a senso unico di marcia;Asciutto;Asfaltata;Assente;Sereno;Normale;Buona;Ore Diurne;2;0;0;0;;;-1;;;;Pedone;F;Rimandato;0;NON DECEDUTO;;