Protocollo;Gruppo;DataOraIncidente;Localizzazione1;STRADA1;Localizzazione2;STRADA2;Strada02;Chilometrica;DaSpecificare;NaturaIncidente;particolaritastrade;TipoStrada;FondoStradale;Pavimentazione;Segnaletica;CondizioneAtmosferica;Traffico;Visibilita;Illuminazione;NUM_FERITI;NUM_RISERVATA;NUM_MORTI;NUM_ILLESI;Longitudine;Latitudine;Confermato;Progressivo;TipoVeicolo;StatoVeicolo;TipoPersona;Sesso;Tipolesione;Deceduto;DecedutoDopo;CinturaCascoUtilizzato;Airbag
1716567;11;14/03/2007 18:30;Strada Urbana;VIALE PICO DELLA MIRANDOLA;all'intersezione con;VIA AUGUSTO VERA;VIA AUGUSTO VERA;;;Tamponamento;Incrocio;Due carreggiate;Asciutto;Asfaltata;Verticale ed orizzontale;Sereno;Normale;Buona;Sufficiente;0;0;0;4;;;-1;2;Autovettura privata;In marcia / fermata / arresto;Conducente;M;Illeso;0;;Non accertato;Inesistente
1716567;11;14/03/2007 18:30;Strada Urbana;VIALE PICO DELLA MIRANDOLA;all'intersezione con;VIA AUGUSTO VERA;VIA AUGUSTO VERA;;;Tamponamento;Incrocio;Due carreggiate;Asciutto;Asfaltata;Verticale ed orizzontale;Sereno;Normale;Buona;Sufficiente;0;0;0;4;;;-1;2;Autovettura privata;In marcia / fermata / arresto;Passeggero;F;Illeso;0;;Non accertato;Inesistente
1716567;11;14/03/2007 18:30;Strada Urbana;VIALE PICO DELLA MIRANDOLA;all'intersezione con;VIA AUGUSTO VERA;VIA AUGUSTO VERA;;;Tamponamento;Incrocio;Due carreggiate;Asciutto;Asfaltata;Verticale ed orizzontale;Sereno;Normale;Buona;Sufficiente;0;0;0;4;;;-1;3;Autovettura privata;In marcia / fermata / arresto;Conducente;M;Illeso;0;;Non accertato;Inesistente
1716591;12;16/03/2007 08:35;Strada Urbana;VIA GIUSEPPE ARMELLINI;all'intersezione con;VIALE LUCA GAURICO;VIALE LUCA GAURICO;;;Scontro frontale/laterale DX fra veicoli in marcia;Incrocio;Una carreggiata a doppio senso;Asciutto;Asfaltata;Verticale ed orizzontale;Sereno;Normale;Buona;Ore Diurne;0;0;0;2;;;-1;1;Motociclo a solo;In marcia / fermata / arresto;Conducente;M;Illeso;0;;Utilizzato;Inesistente
1716591;12;16/03/2007 08:35;Strada Urbana;VIA GIUSEPPE ARMELLINI;all'intersezione con;VIALE LUCA GAURICO;VIALE LUCA GAURICO;;;Scontro frontale/laterale DX fra veicoli in marcia;Incrocio;Una carreggiata a doppio senso;Asciutto;Asfaltata;Verticale ed orizzontale;Sereno;Normale;Buona;Ore Diurne;0;0;0;2;;;-1;2;Autovettura privata;In marcia / fermata / arresto;Conducente;M;Illeso;0;;Utilizzato;Inesploso
1716592;13;16/03/2007 09:10;Strada Urbana;VIA DEL CANALE DELLA LINGUA;da specificare;;;;200 MT. DOPO INTERSEZIONE CON VIA C.COLOMBO;Scontro frontale/laterale SX fra veicoli in marcia;Rettilineo;Una carreggiata a doppio senso;Asciutto;Asfaltata;Orizzontale;Sereno;Intenso;Buona;Ore Diurne;2;0;0;3;;;-1;1;Autovettura privata;In marcia / fermata / arresto;Conducente;M;Illeso;0;;Utilizzato;Inesploso
1716592;13;16/03/2007 09:10;Strada Urbana;VIA DEL CANALE DELLA LINGUA;da specificare;;;;200 MT. DOPO INTERSEZIONE CON VIA C.COLOMBO;Scontro frontale/laterale SX fra veicoli in marcia;Rettilineo;Una carreggiata a doppio senso;Asciutto;Asfaltata;Orizzontale;Sereno;Intenso;Buona;Ore Diurne;2;0;0;3;;;-1;1;Autovettura privata;In marcia / fermata / arresto;Passeggero;F;Illeso;0;;Utilizzato;Inesistente
1716592;13;16/03/2007 09:10;Strada Urbana;VIA DEL CANALE DELLA LINGUA;da specificare;;;;200 MT. DOPO INTERSEZIONE CON VIA C.COLOMBO;Scontro frontale/laterale SX fra veicoli in marcia;Rettilineo;Una carreggiata a doppio senso;Asciutto;Asfaltata;Orizzontale;Sereno;Intenso;Buona;Ore Diurne;2;0;0;3;;;-1;2;Autovettura privata;In marcia / fermata / arresto;Conducente;F;Illeso;0;;Utilizzato;Inesploso
1716592;13;16/03/2007 09:10;Strada Urbana;VIA DEL CANALE DELLA LINGUA;da specificare;;;;200 MT. DOPO INTERSEZIONE CON VIA C.COLOMBO;Scontro frontale/laterale SX fra veicoli in marcia;Rettilineo;Una carreggiata a doppio senso;Asciutto;Asfaltata;Orizzontale;Sereno;Intenso;Buona;Ore Diurne;2;0;0;3;;;-1;3;Autovettura privata;In marcia / fermata / arresto;Conducente;M;Rimandato;0;NON DECEDUTO;Utilizzato;Inesploso
1716592;13;16/03/2007 09:10;Strada Urbana;VIA DEL CANALE DELLA LINGUA;da specificare;;;;200 MT. DOPO INTERSEZIONE CON VIA C.COLOMBO;Scontro frontale/laterale SX fra veicoli in marcia;Rettilineo;Una carreggiata a doppio senso;Asciutto;Asfaltata;Orizzontale;Sereno;Intenso;Buona;Ore Diurne;2;0;0;3;;;-1;3;Autovettura privata;In marcia / fermata / arresto;Passeggero;F;Rimandato;0;NON DECEDUTO;Utilizzato;Inesploso
1716593;13;16/03/2007 16:45;Strada Urbana;LUNGOMARE PAOLO TOSCANELLI;in corrispondenza;;del civico n. ;120;;Tamponamento;Rettilineo;Due carreggiate;Asciutto;Asfaltata;Verticale ed orizzontale;Sereno;Normale;Buona;Ore Diurne;0;0;0;3;;;-1;1;Autovettura privata;In marcia / fermata / arresto;Conducente;M;Illeso;0;;Non accertato;Inesistente
1716593;13;16/03/2007 16:45;Strada Urbana;LUNGOMARE PAOLO TOSCANELLI;in corrispondenza;;del civico n. ;120;;Tamponamento;Rettilineo;Due carreggiate;Asciutto;Asfaltata;Verticale ed orizzontale;Sereno;Normale;Buona;Ore Diurne;0;0;0;3;;;-1;1;Autovettura privata;In marcia / fermata / arresto;Passeggero;F;Illeso;0;;Non accertato;Inesistente
1716593;13;16/03/2007 16:45;Strada Urbana;LUNGOMARE PAOLO TOSCANELLI;in corrispondenza;;del civico n. ;120;;Tamponamento;Rettilineo;Due carreggiate;Asciutto;Asfaltata;Verticale ed orizzontale;Sereno;Normale;Buona;Ore Diurne;0;0;0;3;;;-1;2;Autovettura privata;In marcia / fermata / arresto;Conducente;F;Illeso;0;;Non accertato;Inesistente
1716594;15;09/03/2007 04:10;Strada Urbana;PIAZZA ENRICO FERMI;all'intersezione semaforizzata con;VIA FRANCESCO GRIMALDI;VIA FRANCESCO GRIMALDI;;;Scontro frontale/laterale DX fra veicoli in marcia;Incrocio;Due carreggiate;Asciutto;Asfaltata;Verticale ed orizzontale;Sereno;Scarso;Sufficiente;Sufficiente;1;0;0;1;;;-1;1;Motociclo a solo;In marcia / fermata / arresto;Conducente;M;Rimandato;0;NON DECEDUTO;Utilizzato;Inesistente
1716594;15;09/03/2007 04:10;Strada Urbana;PIAZZA ENRICO FERMI;all'intersezione semaforizzata con;VIA FRANCESCO GRIMALDI;VIA FRANCESCO GRIMALDI;;;Scontro frontale/laterale DX fra veicoli in marcia;Incrocio;Due carreggiate;Asciutto;Asfaltata;Verticale ed orizzontale;Sereno;Scarso;Sufficiente;Sufficiente;1;0;0;1;;;-1;2;Ciclomotore;In marcia / fermata / arresto;Conducente;M;Illeso;0;;Utilizzato;Inesistente
1716595;15;16/03/2007 06:50;Strada Urbana;VIA PORTUENSE;in prossimità;;del civico n. ;713;;Scontro laterale fra veicoli in marcia;Rettilineo;Una carreggiata a doppio senso;Asciutto;Asfaltata;Orizzontale;Sereno;Intenso;Buona;Ore Diurne;0;0;0;2;;;-1;1;Autocarro superiore 35 q.;In marcia / fermata / arresto;Conducente;M;Illeso;0;;Utilizzato;Inesistente
1716595;15;16/03/2007 06:50;Strada Urbana;VIA PORTUENSE;in prossimità;;del civico n. ;713;;Scontro laterale fra veicoli in marcia;Rettilineo;Una carreggiata a doppio senso;Asciutto;Asfaltata;Orizzontale;Sereno;Intenso;Buona;Ore Diurne;0;0;0;2;;;-1;2;Autovettura privata;In marcia / fermata / arresto;Conducente;M;Illeso;0;;Utilizzato;Inesistente
1716596;15;16/03/2007 09:10;Strada Urbana;VIA PORTUENSE;in prossimità;;del civico n. ;395;;Scontro laterale fra veicoli in marcia;Rettilineo;Una carreggiata a doppio senso;Asciutto;Asfaltata;Orizzontale;Sereno;Intenso;Buona;Ore Diurne;1;0;0;2;;;-1;1;Autovettura privata;In marcia / fermata / arresto;Conducente;M;Illeso;0;;Utilizzato;Inesistente
1716596;15;16/03/2007 09:10;Strada Urbana;VIA PORTUENSE;in prossimità;;del civico n. ;395;;Scontro laterale fra veicoli in marcia;Rettilineo;Una carreggiata a doppio senso;Asciutto;Asfaltata;Orizzontale;Sereno;Intenso;Buona;Ore Diurne;1;0;0;2;;;-1;2;Autovettura privata;In marcia / fermata / arresto;Conducente;M;Illeso;0;;Utilizzato;Inesistente
1716596;15;16/03/2007 09:10;Strada Urbana;VIA PORTUENSE;in prossimità;;del civico n. ;395;;Scontro laterale fra veicoli in marcia;Rettilineo;Una carreggiata a doppio senso;Asciutto;Asfaltata;Orizzontale;Sereno;Intenso;Buona;Ore Diurne;1;0;0;2;;;-1;3;Motociclo a solo;In marcia / fermata / arresto;Conducente;F;Rimandato;0;NON DECEDUTO;Utilizzato;Inesistente
1716597;15;16/03/2007 11:15;Strada Urbana;PIAZZA ENRICO FERMI;all'intersezione con;VIA GEROLAMO CARDANO;VIA GEROLAMO CARDANO;;;Scontro laterale fra veicoli in marcia;Incrocio;Una carreggiata a senso unico di marcia;Asciutto;Asfaltata;Assente;Sereno;Normale;Buona;Ore Diurne;0;0;0;3;;;-1;1;Autocarro inferiore 35 q.;In marcia / fermata / arresto;Conducente;M;Illeso;0;;Utilizzato;Inesistente
1716597;15;16/03/2007 11:15;Strada Urbana;PIAZZA ENRICO FERMI;all'intersezione con;VIA GEROLAMO CARDANO;VIA GEROLAMO CARDANO;;;Scontro laterale fra veicoli in marcia;Incrocio;Una carreggiata a senso unico di marcia;Asciutto;Asfaltata;Assente;Sereno;Normale;Buona;Ore Diurne;0;0;0;3;;;-1;2;Autovettura privata;In marcia / fermata / arresto;Conducente;M;Illeso;0;;Utilizzato;Inesistente
1716597;15;16/03/2007 11:15;Strada Urbana;PIAZZA ENRICO FERMI;all'intersezione con;VIA GEROLAMO CARDANO;VIA GEROLAMO CARDANO;;;Scontro laterale fra veicoli in marcia;Incrocio;Una carreggiata a senso unico di marcia;Asciutto;Asfaltata;Assente;Sereno;Normale;Buona;Ore Diurne;0;0;0;3;;;-1;2;Autovettura privata;In marcia / fermata / arresto;Passeggero;M;Illeso;0;;Utilizzato;Inesistente
1716598;15;16/03/2007 16:00;Strada Urbana;PIAZZA DELLA RADIO;in prossimità;;del civico n. ;46/B;;Scontro laterale fra veicoli in marcia;Rettilineo;Due carreggiate;Asciutto;Asfaltata;Verticale ed orizzontale;Sereno;Scarso;Buona;Ore Diurne;1;0;0;1;;;-1;1;Autovettura privata;In marcia / fermata / arresto;Conducente;M;Illeso;0;;Utilizzato;Inesistente
1716598;15;16/03/2007 16:00;Strada Urbana;PIAZZA DELLA RADIO;in prossimità;;del civico n. ;46/B;;Scontro laterale fra veicoli in marcia;Rettilineo;Due carreggiate;Asciutto;Asfaltata;Verticale ed orizzontale;Sereno;Scarso;Buona;Ore Diurne;1;0;0;1;;;-1;2;Motociclo con passeggero;In marcia / fermata / arresto;Conducente;F;Rimandato;0;NON DECEDUTO;Utilizzato;Inesistente
1716599;15;16/03/2007 16:25;Strada Urbana;LUNGOTEVERE DEGLI INVENTORI;in prossimità;;del civico n. ;14;;Tamponamento Multiplo;Rettilineo;Una carreggiata a doppio senso;Asciutto;Asfaltata;Verticale ed orizzontale;Sereno;Intenso;Buona;Ore Diurne;0;0;0;5;;;-1;1;Autocarro inferiore 35 q.;In marcia / fermata / arresto;Conducente;M;Illeso;0;;Utilizzato;Inesistente
1716599;15;16/03/2007 16:25;Strada Urbana;LUNGOTEVERE DEGLI INVENTORI;in prossimità;;del civico n. ;14;;Tamponamento Multiplo;Rettilineo;Una carreggiata a doppio senso;Asciutto;Asfaltata;Verticale ed orizzontale;Sereno;Intenso;Buona;Ore Diurne;0;0;0;5;;;-1;1;Autocarro inferiore 35 q.;In marcia / fermata / arresto;Passeggero;M;Illeso;0;;Utilizzato;Inesistente
1716599;15;16/03/2007 16:25;Strada Urbana;LUNGOTEVERE DEGLI INVENTORI;in prossimità;;del civico n. ;14;;Tamponamento Multiplo;Rettilineo;Una carreggiata a doppio senso;Asciutto;Asfaltata;Verticale ed orizzontale;Sereno;Intenso;Buona;Ore Diurne;0;0;0;5;;;-1;2;Autovettura privata;In marcia / fermata / arresto;Conducente;F;Illeso;0;;Utilizzato;Inesistente
1716599;15;16/03/2007 16:25;Strada Urbana;LUNGOTEVERE DEGLI INVENTORI;in prossimità;;del civico n. ;14;;Tamponamento Multiplo;Rettilineo;Una carreggiata a doppio senso;Asciutto;Asfaltata;Verticale ed orizzontale;Sereno;Intenso;Buona;Ore Diurne;0;0;0;5;;;-1;3;Autovettura privata;In marcia / fermata / arresto;Conducente;M;Illeso;0;;Utilizzato;Inesistente
1716599;15;16/03/2007 16:25;Strada Urbana;LUNGOTEVERE DEGLI INVENTORI;in prossimità;;del civico n. ;14;;Tamponamento Multiplo;Rettilineo;Una carreggiata a doppio senso;Asciutto;Asfaltata;Verticale ed orizzontale;Sereno;Intenso;Buona;Ore Diurne;0;0;0;5;;;-1;3;Autovettura privata;In marcia / fermata / arresto;Passeggero;F;Illeso;0;;Utilizzato;Inesistente
1716600;15;16/03/2007 18:30;Strada Urbana;VIA DEL TRULLO;in corrispondenza;;del civico n. ;100;;Veicolo in marcia contro veicolo fermo;Curva a visuale libera;Due carreggiate;Asciutto;Asfaltata;Orizzontale;Sereno;Normale;Sufficiente;Sufficiente;0;0;0;2;;;-1;1;Autovettura privata;In marcia / fermata / arresto;Conducente;M;Illeso;0;;Utilizzato;Inesistente
1716600;15;16/03/2007 18:30;Strada Urbana;VIA DEL TRULLO;in corrispondenza;;del civico n. ;100;;Veicolo in marcia contro veicolo fermo;Curva a visuale libera;Due carreggiate;Asciutto;Asfaltata;Orizzontale;Sereno;Normale;Sufficiente;Sufficiente;0;0;0;2;;;-1;2;Autovettura privata;In marcia / fermata / arresto;Conducente;M;Illeso;0;;Utilizzato;Inesistente
1716601;15;16/03/2007 19:30;Strada Urbana;VIA DEL MONTE DELLE CAPRE;in prossimità;;del civico n. ;9;;Tamponamento;Rettilineo;Una carreggiata a doppio senso;Asciutto;Asfaltata;Assente;Sereno;Normale;Sufficiente;Sufficiente;0;0;0;2;;;-1;1;Autovettura privata;In marcia / fermata / arresto;Conducente;M;Illeso;0;;Utilizzato;Inesistente
1716601;15;16/03/2007 19:30;Strada Urbana;VIA DEL MONTE DELLE CAPRE;in prossimità;;del civico n. ;9;;Tamponamento;Rettilineo;Una carreggiata a doppio senso;Asciutto;Asfaltata;Assente;Sereno;Normale;Sufficiente;Sufficiente;0;0;0;2;;;-1;2;Autovettura privata;In marcia / fermata / arresto;Conducente;M;Illeso;0;;Utilizzato;Inesistente
1716602;16;09/03/2007 19:10;Strada Urbana;VIA VIRGINIA AGNELLI;in prossimità;;del civico n. ;110;;Veicolo in marcia contro veicolo arresto;Rettilineo;Due carreggiate;Asciutto;Asfaltata;Verticale ed orizzontale;Sereno;Intenso;Buona;Sufficiente;0;0;0;2;;;-1;1;Ciclomotore;In marcia / fermata / arresto;Conducente;M;Illeso;0;;Utilizzato;Inesistente
1716602;16;09/03/2007 19:10;Strada Urbana;VIA VIRGINIA AGNELLI;in prossimità;;del civico n. ;110;;Veicolo in marcia contro veicolo arresto;Rettilineo;Due carreggiate;Asciutto;Asfaltata;Verticale ed orizzontale;Sereno;Intenso;Buona;Sufficiente;0;0;0;2;;;-1;2;Autovettura privata;In marcia / fermata / arresto;Conducente;F;Illeso;0;;Non accertato;Inesistente
1716603;16;09/03/2007 19:40;Strada Urbana;VIALE DEI COLLI PORTUENSI;in prossimità;;del civico n. ;104;;Veicolo in marcia contro veicolo fermo;Rettilineo;Due carreggiate;Asciutto;Asfaltata;Verticale;Sereno;Scarso;Sufficiente;Sufficiente;0;0;0;3;;;-1;1;Autovettura di polizia;In marcia / fermata / arresto;Conducente;M;Illeso;0;;Esente;Inesistente
1716603;16;09/03/2007 19:40;Strada Urbana;VIALE DEI COLLI PORTUENSI;in prossimità;;del civico n. ;104;;Veicolo in marcia contro veicolo fermo;Rettilineo;Due carreggiate;Asciutto;Asfaltata;Verticale;Sereno;Scarso;Sufficiente;Sufficiente;0;0;0;3;;;-1;1;Autovettura di polizia;In marcia / fermata / arresto;Passeggero;M;Illeso;0;;Esente;Inesistente
1716603;16;09/03/2007 19:40;Strada Urbana;VIALE DEI COLLI PORTUENSI;in prossimità;;del civico n. ;104;;Veicolo in marcia contro veicolo fermo;Rettilineo;Due carreggiate;Asciutto;Asfaltata;Verticale;Sereno;Scarso;Sufficiente;Sufficiente;0;0;0;3;;;-1;2;Autovettura privata;In marcia / fermata / arresto;Conducente;M;Illeso;0;;Non accertato;Inesistente
1716604;16;09/03/2007 19:05;Strada Urbana;CIRCONVALLAZIONE GIANICOLENSE;all'intersezione con;PIAZZALE ENRICO DUNANT;PIAZZALE ENRICO DUNANT;;;Tamponamento;Intersezione semaforizzata;Più di due carreggiate;Asciutto;Asfaltata;Verticale ed orizzontale;Sereno;Normale;Buona;Sufficiente;1;0;0;2;;;-1;1;Autovettura privata;In marcia / fermata / arresto;Conducente;M;Illeso;0;;Non accertato;Inesistente
1716604;16;09/03/2007 19:05;Strada Urbana;CIRCONVALLAZIONE GIANICOLENSE;all'intersezione con;PIAZZALE ENRICO DUNANT;PIAZZALE ENRICO DUNANT;;;Tamponamento;Intersezione semaforizzata;Più di due carreggiate;Asciutto;Asfaltata;Verticale ed orizzontale;Sereno;Normale;Buona;Sufficiente;1;0;0;2;;;-1;1;Autovettura privata;In marcia / fermata / arresto;Passeggero;F;Illeso;0;;Non accertato;Inesistente
1716604;16;09/03/2007 19:05;Strada Urbana;CIRCONVALLAZIONE GIANICOLENSE;all'intersezione con;PIAZZALE ENRICO DUNANT;PIAZZALE ENRICO DUNANT;;;Tamponamento;Intersezione semaforizzata;Più di due carreggiate;Asciutto;Asfaltata;Verticale ed orizzontale;Sereno;Normale;Buona;Sufficiente;1;0;0;2;;;-1;2;Motociclo a solo;In marcia / fermata / arresto;Conducente;M;Ricoverato;0;NON DECEDUTO;Non accertato;Inesistente
1716605;16;10/03/2007 11:25;Strada Urbana;VIA AURELIA ANTICA;in prossimità;;del civico n. ;284;;Tamponamento;Rettilineo;Una carreggiata a doppio senso;Asciutto;Asfaltata;Assente;Nuvoloso;Normale;Buona;Ore Diurne;0;0;0;6;;;-1;1;Autovettura privata;In marcia / fermata / arresto;Conducente;M;Illeso;0;;Non accertato;Inesistente
1716605;16;10/03/2007 11:25;Strada Urbana;VIA AURELIA ANTICA;in prossimità;;del civico n. ;284;;Tamponamento;Rettilineo;Una carreggiata a doppio senso;Asciutto;Asfaltata;Assente;Nuvoloso;Normale;Buona;Ore Diurne;0;0;0;6;;;-1;2;Autovettura privata;In marcia / fermata / arresto;Conducente;M;Illeso;0;;Non accertato;Inesistente
1716605;16;10/03/2007 11:25;Strada Urbana;VIA AURELIA ANTICA;in prossimità;;del civico n. ;284;;Tamponamento;Rettilineo;Una carreggiata a doppio senso;Asciutto;Asfaltata;Assente;Nuvoloso;Normale;Buona;Ore Diurne;0;0;0;6;;;-1;2;Autovettura privata;In marcia / fermata / arresto;Passeggero;M;Illeso;0;;Non accertato;Inesistente
1716605;16;10/03/2007 11:25;Strada Urbana;VIA AURELIA ANTICA;in prossimità;;del civico n. ;284;;Tamponamento;Rettilineo;Una carreggiata a doppio senso;Asciutto;Asfaltata;Assente;Nuvoloso;Normale;Buona;Ore Diurne;0;0;0;6;;;-1;2;Autovettura privata;In marcia / fermata / arresto;Passeggero;M;Illeso;0;;Non accertato;Inesistente
1716605;16;10/03/2007 11:25;Strada Urbana;VIA AURELIA ANTICA;in prossimità;;del civico n. ;284;;Tamponamento;Rettilineo;Una carreggiata a doppio senso;Asciutto;Asfaltata;Assente;Nuvoloso;Normale;Buona;Ore Diurne;0;0;0;6;;;-1;2;Autovettura privata;In marcia / fermata / arresto;Passeggero;M;Illeso;0;;Non accertato;Inesistente
1716606;16;14/03/2007 06:55;Strada Urbana;VIALE DEI COLLI PORTUENSI;all'intersezione con;VIA ALESSANDRO CRIVELLI;VIA ALESSANDRO CRIVELLI;;;Scontro frontale/laterale SX fra veicoli in marcia;Incrocio;Due carreggiate;Asciutto;Asfaltata;Verticale ed orizzontale;Sereno;Normale;Buona;Ore Diurne;1;0;0;1;;;-1;1;Autovettura privata;In marcia / fermata / arresto;Conducente;M;Illeso;0;;Non accertato;Inesploso
1716606;16;14/03/2007 06:55;Strada Urbana;VIALE DEI COLLI PORTUENSI;all'intersezione con;VIA ALESSANDRO CRIVELLI;VIA ALESSANDRO CRIVELLI;;;Scontro frontale/laterale SX fra veicoli in marcia;Incrocio;Due carreggiate;Asciutto;Asfaltata;Verticale ed orizzontale;Sereno;Normale;Buona;Ore Diurne;1;0;0;1;;;-1;2;Motociclo a solo;In marcia / fermata / arresto;Conducente;M;Rimandato;0;NON DECEDUTO;Non accertato;Inesistente
1716607;16;14/03/2007 07:05;Strada Urbana;VIA AURELIA ANTICA;in prossimità;;del palo luce n. ;145;;Tamponamento;Pendenza;Una carreggiata a doppio senso;Asciutto;Asfaltata;Assente;Sereno;Intenso;Buona;Ore Diurne;0;0;0;2;;;-1;1;Autovettura privata;In marcia / fermata / arresto;Conducente;M;Illeso;0;;Non accertato;Inesistente
1716607;16;14/03/2007 07:05;Strada Urbana;VIA AURELIA ANTICA;in prossimità;;del palo luce n. ;145;;Tamponamento;Pendenza;Una carreggiata a doppio senso;Asciutto;Asfaltata;Assente;Sereno;Intenso;Buona;Ore Diurne;0;0;0;2;;;-1;2;Autovettura privata;In marcia / fermata / arresto;Conducente;M;Illeso;0;;Non accertato;Inesploso
1716608;16;15/03/2007 10:00;Strada Urbana;VIA DI VAL TELLINA;in corrispondenza;;del civico n. ;120;;Veicolo in marcia contro veicolo in sosta;Rettilineo;Una carreggiata a doppio senso;Asciutto;Asfaltata;Assente;Sereno;Normale;Sufficiente;Ore Diurne;0;0;0;2;;;-1;2;Autovettura privata;In marcia / fermata / arresto;Conducente;M;Illeso;0;;Non accertato;Inesistente
1716608;16;15/03/2007 10:00;Strada Urbana;VIA DI VAL TELLINA;in corrispondenza;;del civico n. ;120;;Veicolo in marcia contro veicolo in sosta;Rettilineo;Una carreggiata a doppio senso;Asciutto;Asfaltata;Assente;Sereno;Normale;Sufficiente;Ore Diurne;0;0;0;2;;;-1;2;Autovettura privata;In marcia / fermata / arresto;Passeggero;F;Illeso;0;;Non accertato;Inesistente
1716609;16;15/03/2007 11:20;Strada Urbana;PIAZZALE EUGENIO MORELLI;all'intersezione semaforizzata con;VIALE DEI COLLI PORTUENSI;VIALE DEI COLLI PORTUENSI;;;Tamponamento;Intersezione semaforizzata;Due carreggiate;Asciutto;Asfaltata;Orizzontale;Sereno;Normale;Sufficiente;Ore Diurne;0;0;0;3;;;-1;1;Autovettura privata;In marcia / fermata / arresto;Conducente;M;Illeso;0;;Non accertato;Inesistente
1716609;16;15/03/2007 11:20;Strada Urbana;PIAZZALE EUGENIO MORELLI;all'intersezione semaforizzata con;VIALE DEI COLLI PORTUENSI;VIALE DEI COLLI PORTUENSI;;;Tamponamento;Intersezione semaforizzata;Due carreggiate;Asciutto;Asfaltata;Orizzontale;Sereno;Normale;Sufficiente;Ore Diurne;0;0;0;3;;;-1;2;Autovettura privata;In marcia / fermata / arresto;Conducente;M;Illeso;0;;Non accertato;Inesistente
1716609;16;15/03/2007 11:20;Strada Urbana;PIAZZALE EUGENIO MORELLI;all'intersezione semaforizzata con;VIALE DEI COLLI PORTUENSI;VIALE DEI COLLI PORTUENSI;;;Tamponamento;Intersezione semaforizzata;Due carreggiate;Asciutto;Asfaltata;Orizzontale;Sereno;Normale;Sufficiente;Ore Diurne;0;0;0;3;;;-1;2;Autovettura privata;In marcia / fermata / arresto;Passeggero;F;Illeso;0;;Non accertato;Inesistente
1716610;16;15/03/2007 12:20;Strada Urbana;VIA DI DONNA OLIMPIA;in corrispondenza;;del fronte civico n. ;258;;Scontro laterale fra veicoli in marcia;Rettilineo;Una carreggiata a doppio senso;Asciutto;Asfaltata;Assente;Sereno;Normale;Buona;Ore Diurne;1;0;0;1;;;-1;2;Motociclo a solo;In marcia / fermata / arresto;Conducente;M;Rimandato;0;NON DECEDUTO;Non accertato;Inesistente
1716610;16;15/03/2007 12:20;Strada Urbana;VIA DI DONNA OLIMPIA;in corrispondenza;;del fronte civico n. ;258;;Scontro laterale fra veicoli in marcia;Rettilineo;Una carreggiata a doppio senso;Asciutto;Asfaltata;Assente;Sereno;Normale;Buona;Ore Diurne;1;0;0;1;;;-1;3;Autovettura privata;In marcia / fermata / arresto;Conducente;M;Illeso;0;;Non accertato;Inesistente
1716611;16;16/03/2007 14:10;Strada Urbana;VIA DELLA PISANA;in corrispondenza;;del civico n. ;280;;Scontro laterale fra veicoli in marcia;Rettilineo;Una carreggiata a doppio senso;Asciutto;Asfaltata;Assente;Sereno;Normale;Buona;Ore Diurne;0;0;0;1;;;-1;1;Autovettura privata;In marcia / fermata / arresto;Conducente;F;Illeso;0;;Non accertato;Inesistente
1716623;18;15/03/2007 12:30;Strada Urbana;VIA DI BOCCEA;da specificare;;;;in prossimità G.R.A. rampa uscita carreg. interna;Ribaltamento senza urto contro ostacolo fisso;Rettilineo;Una carreggiata a doppio senso;Asciutto;Asfaltata;Verticale ed orizzontale;Sereno;Normale;Buona;Ore Diurne;1;0;0;0;;;-1;1;Ciclomotore;In marcia / fermata / arresto;Conducente;M;Rifiuta cure immediate;0;NON DECEDUTO;Utilizzato;Inesistente
1716624;18;16/03/2007 17:30;Strada Urbana;CIRCONVALLAZIONE AURELIA;in prossimità;;del civico n. ;48;;Scontro laterale fra veicoli in marcia;Rettilineo;Una carreggiata a senso unico di marcia;Asciutto;Asfaltata;Verticale ed orizzontale;Sereno;Intenso;Buona;Ore Diurne;0;0;0;2;;;-1;1;Autovettura privata;In marcia / fermata / arresto;Conducente;M;Illeso;0;;Non accertato;Inesploso
1716624;18;16/03/2007 17:30;Strada Urbana;CIRCONVALLAZIONE AURELIA;in prossimità;;del civico n. ;48;;Scontro laterale fra veicoli in marcia;Rettilineo;Una carreggiata a senso unico di marcia;Asciutto;Asfaltata;Verticale ed orizzontale;Sereno;Intenso;Buona;Ore Diurne;0;0;0;2;;;-1;2;Motociclo a solo;Allontanatosi;Conducente;M;Illeso;0;;Non accertato;Inesistente
1716625;19;16/03/2007 14:30;Strada Urbana;VIA DI CASAL DEL MARMO;in corrispondenza;;del civico n. ;164g;;Tamponamento;Rettilineo;Una carreggiata a doppio senso;Asciutto;Asfaltata;Assente;Sereno;Normale;Buona;Ore Diurne;1;0;0;3;;;-1;1;Autovettura privata;In marcia / fermata / arresto;Conducente;M;Illeso;0;;Non accertato;Inesistente
1716625;19;16/03/2007 14:30;Strada Urbana;VIA DI CASAL DEL MARMO;in corrispondenza;;del civico n. ;164g;;Tamponamento;Rettilineo;Una carreggiata a doppio senso;Asciutto;Asfaltata;Assente;Sereno;Normale;Buona;Ore Diurne;1;0;0;3;;;-1;1;Autovettura privata;In marcia / fermata / arresto;Passeggero;M;Illeso;0;;Non accertato;Inesistente
1716625;19;16/03/2007 14:30;Strada Urbana;VIA DI CASAL DEL MARMO;in corrispondenza;;del civico n. ;164g;;Tamponamento;Rettilineo;Una carreggiata a doppio senso;Asciutto;Asfaltata;Assente;Sereno;Normale;Buona;Ore Diurne;1;0;0;3;;;-1;2;Ciclomotore;In marcia / fermata / arresto;Conducente;M;Rimandato;0;NON DECEDUTO;Non accertato;Inesistente