Protocollo;Gruppo;DataOraIncidente;Localizzazione1;STRADA1;Localizzazione2;STRADA2;Strada02;Chilometrica;DaSpecificare;NaturaIncidente;particolaritastrade;TipoStrada;FondoStradale;Pavimentazione;Segnaletica;CondizioneAtmosferica;Traffico;Visibilita;Illuminazione;NUM_FERITI;NUM_RISERVATA;NUM_MORTI;NUM_ILLESI;Longitudine;Latitudine;Confermato;Progressivo;TipoVeicolo;StatoVeicolo;TipoPersona;Sesso;Tipolesione;Deceduto;DecedutoDopo;CinturaCascoUtilizzato;Airbag
1717433;4;22/03/2007 12:20;Strada Urbana;VIA FILIPPO ANTONIO GUALTERIO;in corrispondenza;;del civico n. ;97;;Scontro laterale fra veicoli in marcia;Curva a visuale libera;Una carreggiata a doppio senso;Asciutto;Asfaltata;Orizzontale;Nuvoloso;Normale;Buona;Ore Diurne;1;0;0;1;;;-1;2;Motociclo a solo;In marcia / fermata / arresto;Conducente;F;Rimandato;0;NON DECEDUTO;Utilizzato;Inesistente
1717434;4;22/03/2007 17:30;Strada Urbana;VIALE TITINA DE FILIPPO;da specificare;;;;altezza distributore ERG;Tamponamento;Rettilineo;Due carreggiate;Asciutto;Asfaltata;Verticale ed orizzontale;Nuvoloso;Normale;Buona;Ore Diurne;0;0;0;5;;;-1;1;Autovettura privata;In marcia / fermata / arresto;Conducente;M;Illeso;0;;Utilizzato;Inesistente
1717434;4;22/03/2007 17:30;Strada Urbana;VIALE TITINA DE FILIPPO;da specificare;;;;altezza distributore ERG;Tamponamento;Rettilineo;Due carreggiate;Asciutto;Asfaltata;Verticale ed orizzontale;Nuvoloso;Normale;Buona;Ore Diurne;0;0;0;5;;;-1;1;Autovettura privata;In marcia / fermata / arresto;Passeggero;M;Illeso;0;;Utilizzato;Inesistente
1717434;4;22/03/2007 17:30;Strada Urbana;VIALE TITINA DE FILIPPO;da specificare;;;;altezza distributore ERG;Tamponamento;Rettilineo;Due carreggiate;Asciutto;Asfaltata;Verticale ed orizzontale;Nuvoloso;Normale;Buona;Ore Diurne;0;0;0;5;;;-1;2;Autovettura privata;In marcia / fermata / arresto;Conducente;M;Illeso;0;;Non accertato;Inesistente
1717434;4;22/03/2007 17:30;Strada Urbana;VIALE TITINA DE FILIPPO;da specificare;;;;altezza distributore ERG;Tamponamento;Rettilineo;Due carreggiate;Asciutto;Asfaltata;Verticale ed orizzontale;Nuvoloso;Normale;Buona;Ore Diurne;0;0;0;5;;;-1;2;Autovettura privata;In marcia / fermata / arresto;Passeggero;M;Illeso;0;;Non accertato;Inesistente
1717434;4;22/03/2007 17:30;Strada Urbana;VIALE TITINA DE FILIPPO;da specificare;;;;altezza distributore ERG;Tamponamento;Rettilineo;Due carreggiate;Asciutto;Asfaltata;Verticale ed orizzontale;Nuvoloso;Normale;Buona;Ore Diurne;0;0;0;5;;;-1;2;Autovettura privata;In marcia / fermata / arresto;Passeggero;M;Illeso;0;;Non accertato;Inesistente
1717435;4;22/03/2007 19:30;Strada Urbana;VIALE GINO CERVI;all'intersezione con;VIA TERESA BOETTI VALVASSURA;VIA TERESA BOETTI VALVASSURA;;;Scontro frontale/laterale SX fra veicoli in marcia;Incrocio;Due carreggiate;Asciutto;Asfaltata;Verticale ed orizzontale;Sereno;Normale;Buona;Sufficiente;0;0;0;2;;;-1;1;Autovettura privata;In marcia / fermata / arresto;Conducente;M;Illeso;0;;Non accertato;Inesistente
1717435;4;22/03/2007 19:30;Strada Urbana;VIALE GINO CERVI;all'intersezione con;VIA TERESA BOETTI VALVASSURA;VIA TERESA BOETTI VALVASSURA;;;Scontro frontale/laterale SX fra veicoli in marcia;Incrocio;Due carreggiate;Asciutto;Asfaltata;Verticale ed orizzontale;Sereno;Normale;Buona;Sufficiente;0;0;0;2;;;-1;2;Motociclo a solo;In marcia / fermata / arresto;Conducente;M;Illeso;0;;Utilizzato;Inesistente
1717436;4;22/03/2007 23:30;Strada Urbana;VIA UGO OJETTI;da specificare;;;;altezza via G. Stampa.;Scontro frontale fra veicoli in marcia;Curva senza visuale libera;Una carreggiata a doppio senso;Asciutto;Asfaltata;Verticale ed orizzontale;Sereno;Scarso;Sufficiente;Insufficiente;0;0;0;3;;;-1;1;Autovettura privata;In marcia / fermata / arresto;Conducente;M;Illeso;0;;Non accertato;Inesploso
1717436;4;22/03/2007 23:30;Strada Urbana;VIA UGO OJETTI;da specificare;;;;altezza via G. Stampa.;Scontro frontale fra veicoli in marcia;Curva senza visuale libera;Una carreggiata a doppio senso;Asciutto;Asfaltata;Verticale ed orizzontale;Sereno;Scarso;Sufficiente;Insufficiente;0;0;0;3;;;-1;1;Autovettura privata;In marcia / fermata / arresto;Passeggero;F;Illeso;0;;Non accertato;Inesistente
1717436;4;22/03/2007 23:30;Strada Urbana;VIA UGO OJETTI;da specificare;;;;altezza via G. Stampa.;Scontro frontale fra veicoli in marcia;Curva senza visuale libera;Una carreggiata a doppio senso;Asciutto;Asfaltata;Verticale ed orizzontale;Sereno;Scarso;Sufficiente;Insufficiente;0;0;0;3;;;-1;2;Autocarro inferiore 35 q.;In marcia / fermata / arresto;Conducente;M;Illeso;0;;Non accertato;Inesistente
1717437;4;23/03/2007 02:15;Strada Urbana;VIA DEI PRATI FISCALI;in prossimità;;del civico n. ;185;;Scontro laterale fra veicoli in marcia;Rettilineo;Due carreggiate;Asciutto;Asfaltata;Orizzontale;Sereno;Scarso;Buona;Sufficiente;0;0;0;2;;;-1;1;Autovettura privata;In marcia / fermata / arresto;Conducente;M;Illeso;0;;Non accertato;Inesploso
1717437;4;23/03/2007 02:15;Strada Urbana;VIA DEI PRATI FISCALI;in prossimità;;del civico n. ;185;;Scontro laterale fra veicoli in marcia;Rettilineo;Due carreggiate;Asciutto;Asfaltata;Orizzontale;Sereno;Scarso;Buona;Sufficiente;0;0;0;2;;;-1;2;Autovettura privata;In marcia / fermata / arresto;Conducente;M;Illeso;0;;Non accertato;Inesistente
1717443;5;03/03/2007 11:20;Strada Urbana;VIA IGINO GIORDANI;in prossimità;;del civico n. ;80;;Scontro frontale/laterale DX fra veicoli in marcia;Rettilineo;Una carreggiata a doppio senso;Asciutto;Asfaltata;Verticale ed orizzontale;Sereno;Normale;Buona;Ore Diurne;1;0;0;1;;;-1;1;Autovettura privata;In marcia / fermata / arresto;Conducente;M;Illeso;0;;Non accertato;Inesistente
1717443;5;03/03/2007 11:20;Strada Urbana;VIA IGINO GIORDANI;in prossimità;;del civico n. ;80;;Scontro frontale/laterale DX fra veicoli in marcia;Rettilineo;Una carreggiata a doppio senso;Asciutto;Asfaltata;Verticale ed orizzontale;Sereno;Normale;Buona;Ore Diurne;1;0;0;1;;;-1;2;Ciclomotore;In marcia / fermata / arresto;Conducente;M;Rimandato;0;NON DECEDUTO;Non accertato;Inesistente
1717445;6;23/03/2007 15:30;Provinciale entro l'abitato;VIA PRENESTINA;all'intersezione con;VIA ETTORE GIOVENALE;VIA ETTORE GIOVENALE;;;Scontro laterale fra veicoli in marcia;Incrocio;Due carreggiate;Asciutto;Asfaltata;Verticale ed orizzontale;Sereno;Normale;Buona;Ore Diurne;0;0;0;5;;;-1;1;Autovettura privata;In marcia / fermata / arresto;Conducente;M;Illeso;0;;Non accertato;Inesistente
1717445;6;23/03/2007 15:30;Provinciale entro l'abitato;VIA PRENESTINA;all'intersezione con;VIA ETTORE GIOVENALE;VIA ETTORE GIOVENALE;;;Scontro laterale fra veicoli in marcia;Incrocio;Due carreggiate;Asciutto;Asfaltata;Verticale ed orizzontale;Sereno;Normale;Buona;Ore Diurne;0;0;0;5;;;-1;1;Autovettura privata;In marcia / fermata / arresto;Passeggero;F;Illeso;0;;Non accertato;Inesistente
1717445;6;23/03/2007 15:30;Provinciale entro l'abitato;VIA PRENESTINA;all'intersezione con;VIA ETTORE GIOVENALE;VIA ETTORE GIOVENALE;;;Scontro laterale fra veicoli in marcia;Incrocio;Due carreggiate;Asciutto;Asfaltata;Verticale ed orizzontale;Sereno;Normale;Buona;Ore Diurne;0;0;0;5;;;-1;1;Autovettura privata;In marcia / fermata / arresto;Passeggero;F;Illeso;0;;Non accertato;Inesistente
1717445;6;23/03/2007 15:30;Provinciale entro l'abitato;VIA PRENESTINA;all'intersezione con;VIA ETTORE GIOVENALE;VIA ETTORE GIOVENALE;;;Scontro laterale fra veicoli in marcia;Incrocio;Due carreggiate;Asciutto;Asfaltata;Verticale ed orizzontale;Sereno;Normale;Buona;Ore Diurne;0;0;0;5;;;-1;1;Autovettura privata;In marcia / fermata / arresto;Passeggero;M;Illeso;0;;Non accertato;Inesistente
1717445;6;23/03/2007 15:30;Provinciale entro l'abitato;VIA PRENESTINA;all'intersezione con;VIA ETTORE GIOVENALE;VIA ETTORE GIOVENALE;;;Scontro laterale fra veicoli in marcia;Incrocio;Due carreggiate;Asciutto;Asfaltata;Verticale ed orizzontale;Sereno;Normale;Buona;Ore Diurne;0;0;0;5;;;-1;2;Motociclo a solo;In marcia / fermata / arresto;Conducente;M;Illeso;0;;Non accertato;Inesistente
1717446;6;23/03/2007 20:10;Strada Urbana;VIA DEL PIGNETO;all'intersezione con;VIA ALFONSO ANTONINI;VIA ALFONSO ANTONINI;;;Tamponamento;Incrocio;Una carreggiata a senso unico di marcia;Asciutto;Asfaltata;Verticale ed orizzontale;Sereno;Scarso;Buona;Sufficiente;0;0;0;3;;;-1;1;Autovettura privata;In marcia / fermata / arresto;Conducente;M;Illeso;0;;Non accertato;Inesistente
1717446;6;23/03/2007 20:10;Strada Urbana;VIA DEL PIGNETO;all'intersezione con;VIA ALFONSO ANTONINI;VIA ALFONSO ANTONINI;;;Tamponamento;Incrocio;Una carreggiata a senso unico di marcia;Asciutto;Asfaltata;Verticale ed orizzontale;Sereno;Scarso;Buona;Sufficiente;0;0;0;3;;;-1;1;Autovettura privata;In marcia / fermata / arresto;Passeggero;F;Illeso;0;;Non accertato;Inesistente
1717446;6;23/03/2007 20:10;Strada Urbana;VIA DEL PIGNETO;all'intersezione con;VIA ALFONSO ANTONINI;VIA ALFONSO ANTONINI;;;Tamponamento;Incrocio;Una carreggiata a senso unico di marcia;Asciutto;Asfaltata;Verticale ed orizzontale;Sereno;Scarso;Buona;Sufficiente;0;0;0;3;;;-1;2;Autovettura privata;In marcia / fermata / arresto;Conducente;M;Illeso;0;;Non accertato;Inesistente
1717447;6;24/03/2007 04:45;Strada Urbana;VIA DI PORTONACCIO;da specificare;;;;fronte civ. 41;Veicolo in marcia contro veicolo in sosta;Rettilineo;Due carreggiate;Bagnato (pioggia);Asfaltata;Verticale ed orizzontale;Pioggia in atto;Scarso;Buona;Sufficiente;1;0;0;0;;;-1;1;Autovettura privata;In marcia / fermata / arresto;Conducente;F;Rimandato;0;NON DECEDUTO;Non accertato;Esploso
1717448;7;23/03/2007 10:15;Strada Urbana;VIA PRENESTINA;all'intersezione con;VIA DEL MAGGIOLINO;VIA DEL MAGGIOLINO;;;Scontro frontale/laterale DX fra veicoli in marcia;Incrocio;Una carreggiata a doppio senso;Asciutto;Asfaltata;Verticale ed orizzontale;Sereno;Intenso;Buona;Ore Diurne;0;0;0;2;;;-1;1;Autovettura privata;In marcia / fermata / arresto;Conducente;M;Illeso;0;;Non accertato;Inesistente
1717448;7;23/03/2007 10:15;Strada Urbana;VIA PRENESTINA;all'intersezione con;VIA DEL MAGGIOLINO;VIA DEL MAGGIOLINO;;;Scontro frontale/laterale DX fra veicoli in marcia;Incrocio;Una carreggiata a doppio senso;Asciutto;Asfaltata;Verticale ed orizzontale;Sereno;Intenso;Buona;Ore Diurne;0;0;0;2;;;-1;2;Motociclo a solo;In marcia / fermata / arresto;Conducente;M;Illeso;0;;Non accertato;Inesistente
1717449;7;23/03/2007 11:10;Strada Urbana;VIALE PALMIRO TOGLIATTI;in corrispondenza;;del civico n. ;812;;Veicolo in marcia contro veicolo in sosta;Rettilineo;Due carreggiate;Asciutto;Asfaltata;Orizzontale;Sereno;Normale;Buona;Ore Diurne;0;0;0;3;;;-1;1;Autocaravan;In marcia / fermata / arresto;Passeggero;F;Illeso;0;;Non accertato;Inesistente
1717449;7;23/03/2007 11:10;Strada Urbana;VIALE PALMIRO TOGLIATTI;in corrispondenza;;del civico n. ;812;;Veicolo in marcia contro veicolo in sosta;Rettilineo;Due carreggiate;Asciutto;Asfaltata;Orizzontale;Sereno;Normale;Buona;Ore Diurne;0;0;0;3;;;-1;1;Autocaravan;In marcia / fermata / arresto;Passeggero;M;Illeso;0;;Non accertato;Inesistente
1717449;7;23/03/2007 11:10;Strada Urbana;VIALE PALMIRO TOGLIATTI;in corrispondenza;;del civico n. ;812;;Veicolo in marcia contro veicolo in sosta;Rettilineo;Due carreggiate;Asciutto;Asfaltata;Orizzontale;Sereno;Normale;Buona;Ore Diurne;0;0;0;3;;;-1;1;Autocaravan;In marcia / fermata / arresto;Conducente;F;Illeso;0;;Non accertato;Inesistente
1717450;7;23/03/2007 15:30;Strada Urbana;PIAZZA ORIA;all'intersezione con;VIA UGENTO;VIA UGENTO;;;Scontro frontale/laterale SX fra veicoli in marcia;Incrocio;Una carreggiata a senso unico di marcia;Asciutto;Asfaltata;Orizzontale;Sereno;Scarso;Insufficiente;Ore Diurne;0;0;0;4;;;-1;1;Autovettura privata;In marcia / fermata / arresto;Conducente;F;Illeso;0;;Non accertato;Inesistente
1717450;7;23/03/2007 15:30;Strada Urbana;PIAZZA ORIA;all'intersezione con;VIA UGENTO;VIA UGENTO;;;Scontro frontale/laterale SX fra veicoli in marcia;Incrocio;Una carreggiata a senso unico di marcia;Asciutto;Asfaltata;Orizzontale;Sereno;Scarso;Insufficiente;Ore Diurne;0;0;0;4;;;-1;1;Autovettura privata;In marcia / fermata / arresto;Passeggero;F;Illeso;0;;Non accertato;Inesistente
1717450;7;23/03/2007 15:30;Strada Urbana;PIAZZA ORIA;all'intersezione con;VIA UGENTO;VIA UGENTO;;;Scontro frontale/laterale SX fra veicoli in marcia;Incrocio;Una carreggiata a senso unico di marcia;Asciutto;Asfaltata;Orizzontale;Sereno;Scarso;Insufficiente;Ore Diurne;0;0;0;4;;;-1;2;Autovettura privata;In marcia / fermata / arresto;Conducente;M;Illeso;0;;Non accertato;Inesistente
1717450;7;23/03/2007 15:30;Strada Urbana;PIAZZA ORIA;all'intersezione con;VIA UGENTO;VIA UGENTO;;;Scontro frontale/laterale SX fra veicoli in marcia;Incrocio;Una carreggiata a senso unico di marcia;Asciutto;Asfaltata;Orizzontale;Sereno;Scarso;Insufficiente;Ore Diurne;0;0;0;4;;;-1;2;Autovettura privata;In marcia / fermata / arresto;Passeggero;F;Illeso;0;;Non accertato;Inesistente
1717451;7;23/03/2007 15:50;Strada Urbana;VIA CASILINA;all'intersezione semaforizzata con;VIALE PALMIRO TOGLIATTI;VIALE PALMIRO TOGLIATTI;;;Scontro laterale fra veicoli in marcia;Incrocio;Due carreggiate;Asciutto;Asfaltata;Verticale ed orizzontale;Sereno;Intenso;Buona;Ore Diurne;0;0;0;2;;;-1;1;Autovettura privata;In marcia / fermata / arresto;Conducente;M;Illeso;0;;Non accertato;Inesistente
1717451;7;23/03/2007 15:50;Strada Urbana;VIA CASILINA;all'intersezione semaforizzata con;VIALE PALMIRO TOGLIATTI;VIALE PALMIRO TOGLIATTI;;;Scontro laterale fra veicoli in marcia;Incrocio;Due carreggiate;Asciutto;Asfaltata;Verticale ed orizzontale;Sereno;Intenso;Buona;Ore Diurne;0;0;0;2;;;-1;2;Motociclo a solo;In marcia / fermata / arresto;Conducente;M;Illeso;0;;Non accertato;Inesistente
1717452;7;23/03/2007 17:00;Strada Urbana;VIALE PALMIRO TOGLIATTI;all'intersezione semaforizzata con;VIALE DEI ROMANISTI;VIALE DEI ROMANISTI;;;Tamponamento Multiplo;Incrocio;Una carreggiata a senso unico di marcia;Asciutto;Asfaltata;Verticale ed orizzontale;Sereno;Intenso;Buona;Ore Diurne;0;0;0;3;;;-1;1;Autovettura privata;In marcia / fermata / arresto;Conducente;M;Illeso;0;;Non accertato;Inesistente
1717452;7;23/03/2007 17:00;Strada Urbana;VIALE PALMIRO TOGLIATTI;all'intersezione semaforizzata con;VIALE DEI ROMANISTI;VIALE DEI ROMANISTI;;;Tamponamento Multiplo;Incrocio;Una carreggiata a senso unico di marcia;Asciutto;Asfaltata;Verticale ed orizzontale;Sereno;Intenso;Buona;Ore Diurne;0;0;0;3;;;-1;2;Autovettura privata;In marcia / fermata / arresto;Conducente;M;Illeso;0;;Non accertato;Inesistente
1717452;7;23/03/2007 17:00;Strada Urbana;VIALE PALMIRO TOGLIATTI;all'intersezione semaforizzata con;VIALE DEI ROMANISTI;VIALE DEI ROMANISTI;;;Tamponamento Multiplo;Incrocio;Una carreggiata a senso unico di marcia;Asciutto;Asfaltata;Verticale ed orizzontale;Sereno;Intenso;Buona;Ore Diurne;0;0;0;3;;;-1;3;Autocarro inferiore 35 q.;In marcia / fermata / arresto;Conducente;F;Illeso;0;;Non accertato;Inesistente
1717453;7;23/03/2007 19:45;Strada Urbana;VIA DEI PIOPPI;all'intersezione con;PIAZZA DEGLI ONTANI;PIAZZA DEGLI ONTANI;;;Investimento di pedone;Incrocio;Una carreggiata a doppio senso;Asciutto;Asfaltata;Verticale ed orizzontale;Sereno;Normale;Sufficiente;Sufficiente;1;0;0;1;;;-1;;;;Pedone;M;Rimandato;0;NON DECEDUTO;;
1717453;7;23/03/2007 19:45;Strada Urbana;VIA DEI PIOPPI;all'intersezione con;PIAZZA DEGLI ONTANI;PIAZZA DEGLI ONTANI;;;Investimento di pedone;Incrocio;Una carreggiata a doppio senso;Asciutto;Asfaltata;Verticale ed orizzontale;Sereno;Normale;Sufficiente;Sufficiente;1;0;0;1;;;-1;1;Autovettura privata;In marcia / fermata / arresto;Conducente;M;Illeso;0;;Non accertato;Inesploso
1717454;7;24/03/2007 02:30;Strada Urbana;VIALE PALMIRO TOGLIATTI;da specificare;;;;in prossimità di via prenestina;Investimento di pedone;Rettilineo;Due carreggiate;Bagnato (pioggia);Asfaltata;Orizzontale;Pioggia in atto;Scarso;Buona;Sufficiente;1;0;0;1;;;-1;;;;Pedone;M;Rimandato;0;NON DECEDUTO;;
1717454;7;24/03/2007 02:30;Strada Urbana;VIALE PALMIRO TOGLIATTI;da specificare;;;;in prossimità di via prenestina;Investimento di pedone;Rettilineo;Due carreggiate;Bagnato (pioggia);Asfaltata;Orizzontale;Pioggia in atto;Scarso;Buona;Sufficiente;1;0;0;1;;;-1;1;Autovettura privata;In marcia / fermata / arresto;Conducente;F;Illeso;0;;Non accertato;Inesistente
1717455;8;23/03/2007 08:10;Strada Urbana;VIA DELLE ALZAVOLE;in prossimità;;del civico n. ;45;;Scontro frontale/laterale DX fra veicoli in marcia;Rettilineo;Una carreggiata a doppio senso;Asciutto;Asfaltata;Verticale ed orizzontale;Sereno;Normale;Buona;Ore Diurne;1;0;0;1;;;-1;1;Motociclo a solo;In marcia / fermata / arresto;Conducente;M;Rimandato;0;NON DECEDUTO;Utilizzato;Inesistente
1717455;8;23/03/2007 08:10;Strada Urbana;VIA DELLE ALZAVOLE;in prossimità;;del civico n. ;45;;Scontro frontale/laterale DX fra veicoli in marcia;Rettilineo;Una carreggiata a doppio senso;Asciutto;Asfaltata;Verticale ed orizzontale;Sereno;Normale;Buona;Ore Diurne;1;0;0;1;;;-1;2;Autovettura privata;In marcia / fermata / arresto;Conducente;F;Illeso;0;;Non accertato;Inesistente
1717456;8;23/03/2007 10:15;Strada Urbana;VIA POLENSE;in prossimità;;del civico n. ;123;;Scontro frontale/laterale DX fra veicoli in marcia;Rettilineo;Una carreggiata a doppio senso;Asciutto;Asfaltata;Verticale ed orizzontale;Sereno;Normale;Buona;Ore Diurne;1;0;0;2;;;-1;1;Autovettura privata;In marcia / fermata / arresto;Conducente;M;Rifiuta cure immediate;0;NON DECEDUTO;Non accertato;Inesistente
1717456;8;23/03/2007 10:15;Strada Urbana;VIA POLENSE;in prossimità;;del civico n. ;123;;Scontro frontale/laterale DX fra veicoli in marcia;Rettilineo;Una carreggiata a doppio senso;Asciutto;Asfaltata;Verticale ed orizzontale;Sereno;Normale;Buona;Ore Diurne;1;0;0;2;;;-1;1;Autovettura privata;In marcia / fermata / arresto;Passeggero;M;Illeso;0;;Non accertato;Inesistente
1717456;8;23/03/2007 10:15;Strada Urbana;VIA POLENSE;in prossimità;;del civico n. ;123;;Scontro frontale/laterale DX fra veicoli in marcia;Rettilineo;Una carreggiata a doppio senso;Asciutto;Asfaltata;Verticale ed orizzontale;Sereno;Normale;Buona;Ore Diurne;1;0;0;2;;;-1;2;Autovettura privata;In marcia / fermata / arresto;Conducente;M;Illeso;0;;Non accertato;Inesistente
1717457;8;23/03/2007 17:00;Provinciale entro l'abitato;VIA PRENESTINA;all'intersezione con;VIA CALABRITTO;VIA CALABRITTO;;;Scontro frontale/laterale DX fra veicoli in marcia;Intersezione stradale segnalata;Una carreggiata a doppio senso;Asciutto;Asfaltata;Verticale ed orizzontale;Sereno;Intenso;Sufficiente;Ore Diurne;0;0;0;4;;;-1;1;Autovettura privata;In marcia / fermata / arresto;Conducente;M;Illeso;0;;Non accertato;Inesistente
1717457;8;23/03/2007 17:00;Provinciale entro l'abitato;VIA PRENESTINA;all'intersezione con;VIA CALABRITTO;VIA CALABRITTO;;;Scontro frontale/laterale DX fra veicoli in marcia;Intersezione stradale segnalata;Una carreggiata a doppio senso;Asciutto;Asfaltata;Verticale ed orizzontale;Sereno;Intenso;Sufficiente;Ore Diurne;0;0;0;4;;;-1;1;Autovettura privata;In marcia / fermata / arresto;Passeggero;F;Illeso;0;;Non accertato;Inesistente
1717457;8;23/03/2007 17:00;Provinciale entro l'abitato;VIA PRENESTINA;all'intersezione con;VIA CALABRITTO;VIA CALABRITTO;;;Scontro frontale/laterale DX fra veicoli in marcia;Intersezione stradale segnalata;Una carreggiata a doppio senso;Asciutto;Asfaltata;Verticale ed orizzontale;Sereno;Intenso;Sufficiente;Ore Diurne;0;0;0;4;;;-1;2;Motociclo a solo;In marcia / fermata / arresto;Conducente;M;Illeso;0;;Non accertato;Inesistente
1717457;8;23/03/2007 17:00;Provinciale entro l'abitato;VIA PRENESTINA;all'intersezione con;VIA CALABRITTO;VIA CALABRITTO;;;Scontro frontale/laterale DX fra veicoli in marcia;Intersezione stradale segnalata;Una carreggiata a doppio senso;Asciutto;Asfaltata;Verticale ed orizzontale;Sereno;Intenso;Sufficiente;Ore Diurne;0;0;0;4;;;-1;3;Autovettura privata;In marcia / fermata / arresto;Conducente;M;Illeso;0;;Non accertato;Inesploso
1717458;8;23/03/2007 23:00;Strada Urbana;VIALE DELLA SORBONA;da specificare;;;;2° rotatoria direzione GRA;Veicolo in marcia contro ostacolo fisso;Curva a visuale libera;Due carreggiate;Asciutto;Asfaltata;Verticale ed orizzontale;Nuvoloso;Scarso;Buona;Sufficiente;1;0;0;0;;;-1;1;Autovettura privata;In marcia / fermata / arresto;Conducente;M;Rimandato;0;NON DECEDUTO;Non accertato;Inesistente
1717459;9;23/03/2007 10:00;Strada Urbana;VIA NOLA;all'intersezione semaforizzata con;VIALE CASTRENSE;VIALE CASTRENSE;;;Scontro laterale fra veicoli in marcia;Intersezione semaforizzata;Una carreggiata a doppio senso;Asciutto;Asfaltata;Verticale ed orizzontale;Sereno;Intenso;Buona;Ore Diurne;1;0;0;2;;;-1;1;Autovettura privata;In marcia / fermata / arresto;Conducente;M;Illeso;0;;Non accertato;Inesistente
1717459;9;23/03/2007 10:00;Strada Urbana;VIA NOLA;all'intersezione semaforizzata con;VIALE CASTRENSE;VIALE CASTRENSE;;;Scontro laterale fra veicoli in marcia;Intersezione semaforizzata;Una carreggiata a doppio senso;Asciutto;Asfaltata;Verticale ed orizzontale;Sereno;Intenso;Buona;Ore Diurne;1;0;0;2;;;-1;1;Autovettura privata;In marcia / fermata / arresto;Passeggero;F;Illeso;0;;Non accertato;Inesistente
1717459;9;23/03/2007 10:00;Strada Urbana;VIA NOLA;all'intersezione semaforizzata con;VIALE CASTRENSE;VIALE CASTRENSE;;;Scontro laterale fra veicoli in marcia;Intersezione semaforizzata;Una carreggiata a doppio senso;Asciutto;Asfaltata;Verticale ed orizzontale;Sereno;Intenso;Buona;Ore Diurne;1;0;0;2;;;-1;2;Motociclo a solo;In marcia / fermata / arresto;Conducente;M;Rimandato;0;NON DECEDUTO;Non accertato;Inesistente
1717460;9;23/03/2007 10:30;Strada Urbana;VIA ACAIA;all'intersezione semaforizzata con;VIA VETULONIA;VIA VETULONIA;;;Scontro frontale fra veicoli in marcia;Intersezione semaforizzata;Una carreggiata a senso unico di marcia;Asciutto;Asfaltata;Verticale ed orizzontale;Sereno;Normale;Buona;Ore Diurne;1;0;0;1;;;-1;1;Autovettura privata;In marcia / fermata / arresto;Conducente;F;Illeso;0;;Utilizzato;Inesploso
1717460;9;23/03/2007 10:30;Strada Urbana;VIA ACAIA;all'intersezione semaforizzata con;VIA VETULONIA;VIA VETULONIA;;;Scontro frontale fra veicoli in marcia;Intersezione semaforizzata;Una carreggiata a senso unico di marcia;Asciutto;Asfaltata;Verticale ed orizzontale;Sereno;Normale;Buona;Ore Diurne;1;0;0;1;;;-1;2;Motociclo a solo;In marcia / fermata / arresto;Conducente;M;Rimandato;0;NON DECEDUTO;Non accertato;Inesistente
1717462;9;23/03/2007 11:45;Strada Urbana;VIA APPIA NUOVA;all'intersezione con;VIA CARLO DENINA;VIA CARLO DENINA;;;Veicolo in marcia contro veicolo in sosta;Intersezione stradale segnalata;Due carreggiate;Asciutto;Asfaltata;Verticale ed orizzontale;Sereno;Normale;Buona;Ore Diurne;0;0;0;2;;;-1;1;Autovettura privata;In marcia / fermata / arresto;Conducente;M;Illeso;0;;Non accertato;Inesploso
1717462;9;23/03/2007 11:45;Strada Urbana;VIA APPIA NUOVA;all'intersezione con;VIA CARLO DENINA;VIA CARLO DENINA;;;Veicolo in marcia contro veicolo in sosta;Intersezione stradale segnalata;Due carreggiate;Asciutto;Asfaltata;Verticale ed orizzontale;Sereno;Normale;Buona;Ore Diurne;0;0;0;2;;;-1;2;Autovettura privata;In marcia / fermata / arresto;Conducente;M;Illeso;0;;Non accertato;Inesploso
1717463;10;23/03/2007 11:30;Provinciale;VIA TUSCOLANA;in prossimità;;del civico n. ;1091;;Tamponamento;Rettilineo;Due carreggiate;Asciutto;Asfaltata;Verticale ed orizzontale;Sereno;Normale;Buona;Ore Diurne;0;0;0;3;;;-1;1;Autovettura privata;In marcia / fermata / arresto;Conducente;M;Illeso;0;;Non accertato;Inesistente
1717463;10;23/03/2007 11:30;Provinciale;VIA TUSCOLANA;in prossimità;;del civico n. ;1091;;Tamponamento;Rettilineo;Due carreggiate;Asciutto;Asfaltata;Verticale ed orizzontale;Sereno;Normale;Buona;Ore Diurne;0;0;0;3;;;-1;2;Autobus urbano;In marcia / fermata / arresto;Conducente;M;Illeso;0;;Non accertato;Inesistente
1717463;10;23/03/2007 11:30;Provinciale;VIA TUSCOLANA;in prossimità;;del civico n. ;1091;;Tamponamento;Rettilineo;Due carreggiate;Asciutto;Asfaltata;Verticale ed orizzontale;Sereno;Normale;Buona;Ore Diurne;0;0;0;3;;;-1;2;Autobus urbano;In marcia / fermata / arresto;Passeggero;M;Illeso;0;;Esente;Inesistente
1717464;10;23/03/2007 12:30;Strada Urbana;LARGO DEI CADUTI DI EL ALAMEIN;in prossimità;;del civico n. ;1;;Veicolo in marcia contro veicolo in sosta;Curva a visuale libera;Una carreggiata a senso unico di marcia;Asciutto;Asfaltata;Verticale ed orizzontale;Nuvoloso;Normale;Buona;Ore Diurne;0;0;0;1;;;-1;3;Autovettura privata;In marcia / fermata / arresto;Conducente;M;Illeso;0;;Non accertato;Inesistente