Protocollo;Gruppo;DataOraIncidente;Localizzazione1;STRADA1;Localizzazione2;STRADA2;Strada02;Chilometrica;DaSpecificare;NaturaIncidente;particolaritastrade;TipoStrada;FondoStradale;Pavimentazione;Segnaletica;CondizioneAtmosferica;Traffico;Visibilita;Illuminazione;NUM_FERITI;NUM_RISERVATA;NUM_MORTI;NUM_ILLESI;Longitudine;Latitudine;Confermato;Progressivo;TipoVeicolo;StatoVeicolo;TipoPersona;Sesso;Tipolesione;Deceduto;DecedutoDopo;CinturaCascoUtilizzato;Airbag
1718845;5;10/03/2007 07:30;Statale entro l'abitato;VIA TIBURTINA;all'intersezione con;VIA DI CASAL BIANCO;VIA DI CASAL BIANCO;;;Scontro laterale fra veicoli in marcia;Incrocio;Una carreggiata a doppio senso;Asciutto;Asfaltata;Verticale ed orizzontale;Sereno;Normale;Buona;Ore Diurne;0;0;0;3;;;-1;2;Autovettura privata;In marcia / fermata / arresto;Conducente;M;Illeso;0;;Non accertato;Inesistente
1718846;5;13/03/2007 11:55;Strada Urbana;PIAZZA RICCARDO BALSAMO CRIVELLI;da specificare;;;;altezza STOP via R.Zampieri;Scontro laterale fra veicoli in marcia;Rettilineo;Una carreggiata a doppio senso;Asciutto;Asfaltata;Verticale ed orizzontale;Sereno;Normale;Buona;Ore Diurne;0;0;0;3;;;-1;1;Autovettura privata;In marcia / fermata / arresto;Conducente;F;Illeso;0;;Non accertato;Inesistente
1718846;5;13/03/2007 11:55;Strada Urbana;PIAZZA RICCARDO BALSAMO CRIVELLI;da specificare;;;;altezza STOP via R.Zampieri;Scontro laterale fra veicoli in marcia;Rettilineo;Una carreggiata a doppio senso;Asciutto;Asfaltata;Verticale ed orizzontale;Sereno;Normale;Buona;Ore Diurne;0;0;0;3;;;-1;1;Autovettura privata;In marcia / fermata / arresto;Passeggero;M;Illeso;0;;Non accertato;Inesistente
1718846;5;13/03/2007 11:55;Strada Urbana;PIAZZA RICCARDO BALSAMO CRIVELLI;da specificare;;;;altezza STOP via R.Zampieri;Scontro laterale fra veicoli in marcia;Rettilineo;Una carreggiata a doppio senso;Asciutto;Asfaltata;Verticale ed orizzontale;Sereno;Normale;Buona;Ore Diurne;0;0;0;3;;;-1;2;Autobus di linea;In marcia / fermata / arresto;Conducente;M;Illeso;0;;Non accertato;Inesistente
1718850;6;30/03/2007 13:40;Strada Urbana;VIALE DELLA SERENISSIMA;da specificare;;;;di fronte  civico 87 (parcheggio);Veicolo in marcia contro veicolo fermo;Rettilineo;Una carreggiata a senso unico di marcia;Asciutto;Asfaltata;Assente;Sereno;Normale;Buona;Ore Diurne;0;0;0;2;;;-1;1;Autovettura privata;In marcia / fermata / arresto;Conducente;M;Illeso;0;;Utilizzato;Inesploso
1718850;6;30/03/2007 13:40;Strada Urbana;VIALE DELLA SERENISSIMA;da specificare;;;;di fronte  civico 87 (parcheggio);Veicolo in marcia contro veicolo fermo;Rettilineo;Una carreggiata a senso unico di marcia;Asciutto;Asfaltata;Assente;Sereno;Normale;Buona;Ore Diurne;0;0;0;2;;;-1;1;Autovettura privata;In marcia / fermata / arresto;Passeggero;M;Illeso;0;;Utilizzato;Inesistente
1718851;6;30/03/2007 19:00;Strada Urbana;VIALE DELLA VENEZIA GIULIA;all'intersezione con;VIA SAN GIUSTO;VIA SAN GIUSTO;;;Veicolo in marcia contro veicoli fermi;Incrocio;Una carreggiata a doppio senso;Asciutto;Asfaltata;Verticale ed orizzontale;Sereno;Normale;Sufficiente;Ore Diurne;0;0;0;3;;;-1;1;Autocarro inferiore 35 q.;In marcia / fermata / arresto;Conducente;M;Illeso;0;;Utilizzato;Inesistente
1718851;6;30/03/2007 19:00;Strada Urbana;VIALE DELLA VENEZIA GIULIA;all'intersezione con;VIA SAN GIUSTO;VIA SAN GIUSTO;;;Veicolo in marcia contro veicoli fermi;Incrocio;Una carreggiata a doppio senso;Asciutto;Asfaltata;Verticale ed orizzontale;Sereno;Normale;Sufficiente;Ore Diurne;0;0;0;3;;;-1;1;Autocarro inferiore 35 q.;In marcia / fermata / arresto;Passeggero;M;Illeso;0;;Utilizzato;Inesistente
1718851;6;30/03/2007 19:00;Strada Urbana;VIALE DELLA VENEZIA GIULIA;all'intersezione con;VIA SAN GIUSTO;VIA SAN GIUSTO;;;Veicolo in marcia contro veicoli fermi;Incrocio;Una carreggiata a doppio senso;Asciutto;Asfaltata;Verticale ed orizzontale;Sereno;Normale;Sufficiente;Ore Diurne;0;0;0;3;;;-1;3;Autovettura privata;In marcia / fermata / arresto;Conducente;M;Illeso;0;;Utilizzato;Inesistente
1718893;11;31/03/2007 23:40;Strada Urbana;VIA BENEDETTO CROCE;in prossimità;;del civico n. ;67;;Veicolo in marcia contro veicolo in sosta;Rettilineo;Una carreggiata a senso unico di marcia;Asciutto;Asfaltata;Verticale ed orizzontale;Sereno;Scarso;Buona;Sufficiente;0;0;0;3;;;-1;1;Autovettura privata;In marcia / fermata / arresto;Conducente;M;Illeso;0;;Utilizzato;Inesploso
1718893;11;31/03/2007 23:40;Strada Urbana;VIA BENEDETTO CROCE;in prossimità;;del civico n. ;67;;Veicolo in marcia contro veicolo in sosta;Rettilineo;Una carreggiata a senso unico di marcia;Asciutto;Asfaltata;Verticale ed orizzontale;Sereno;Scarso;Buona;Sufficiente;0;0;0;3;;;-1;1;Autovettura privata;In marcia / fermata / arresto;Passeggero;F;Illeso;0;;Utilizzato;Inesploso
1718893;11;31/03/2007 23:40;Strada Urbana;VIA BENEDETTO CROCE;in prossimità;;del civico n. ;67;;Veicolo in marcia contro veicolo in sosta;Rettilineo;Una carreggiata a senso unico di marcia;Asciutto;Asfaltata;Verticale ed orizzontale;Sereno;Scarso;Buona;Sufficiente;0;0;0;3;;;-1;1;Autovettura privata;In marcia / fermata / arresto;Passeggero;F;Illeso;0;;Utilizzato;Inesploso
1718894;11;31/03/2007 04:00;Strada Urbana;VIA DI VIGNA MURATA;in prossimità;;del civico n. ;322;;Infortunio per caduta del veicolo;Rettilineo;Due carreggiate;Asciutto;Asfaltata;Verticale ed orizzontale;Sereno;Scarso;Sufficiente;Sufficiente;1;0;0;0;;;-1;1;Autovettura privata;In marcia / fermata / arresto;Conducente;F;Ricoverato;0;NON DECEDUTO;Non accertato;Esploso
1718895;11;31/03/2007 09:50;Strada Urbana;CIRCONVALLAZIONE OSTIENSE;all'intersezione con;VIA GAETANO CASATI;VIA GAETANO CASATI;;;Scontro frontale/laterale SX fra veicoli in marcia;Incrocio;Due carreggiate;Asciutto;Asfaltata;Verticale;Sereno;Normale;Buona;Ore Diurne;0;0;0;3;;;-1;1;Autovettura privata;In marcia / fermata / arresto;Conducente;F;Illeso;0;;Utilizzato;Inesistente
1718895;11;31/03/2007 09:50;Strada Urbana;CIRCONVALLAZIONE OSTIENSE;all'intersezione con;VIA GAETANO CASATI;VIA GAETANO CASATI;;;Scontro frontale/laterale SX fra veicoli in marcia;Incrocio;Due carreggiate;Asciutto;Asfaltata;Verticale;Sereno;Normale;Buona;Ore Diurne;0;0;0;3;;;-1;2;Autovettura privata;In marcia / fermata / arresto;Conducente;M;Illeso;0;;Utilizzato;Inesistente
1718895;11;31/03/2007 09:50;Strada Urbana;CIRCONVALLAZIONE OSTIENSE;all'intersezione con;VIA GAETANO CASATI;VIA GAETANO CASATI;;;Scontro frontale/laterale SX fra veicoli in marcia;Incrocio;Due carreggiate;Asciutto;Asfaltata;Verticale;Sereno;Normale;Buona;Ore Diurne;0;0;0;3;;;-1;2;Autovettura privata;In marcia / fermata / arresto;Passeggero;F;Illeso;0;;Utilizzato;Inesistente
1718896;11;31/03/2007 10:15;Strada Urbana;VIA CALDERON DE LA BARCA;all'intersezione con;VIA VIENNA;VIA VIENNA;;;Scontro frontale/laterale SX fra veicoli in marcia;Intersezione stradale segnalata;Due carreggiate;Asciutto;Asfaltata;Verticale ed orizzontale;Sereno;Scarso;Buona;Ore Diurne;0;0;0;2;;;-1;1;Autovettura privata;In marcia / fermata / arresto;Conducente;F;Illeso;0;;Utilizzato;Inesploso
1718896;11;31/03/2007 10:15;Strada Urbana;VIA CALDERON DE LA BARCA;all'intersezione con;VIA VIENNA;VIA VIENNA;;;Scontro frontale/laterale SX fra veicoli in marcia;Intersezione stradale segnalata;Due carreggiate;Asciutto;Asfaltata;Verticale ed orizzontale;Sereno;Scarso;Buona;Ore Diurne;0;0;0;2;;;-1;2;Motociclo a solo;In marcia / fermata / arresto;Conducente;M;Illeso;0;;Utilizzato;Inesistente
1718897;11;31/03/2007 11:49;Strada Urbana;VIA SIMONE MARTINI;all'intersezione con;VIA DUCCIO DI BUONINSEGNA;VIA DUCCIO DI BUONINSEGNA;;;Scontro laterale fra veicoli in marcia;Intersezione stradale segnalata;Una carreggiata a doppio senso;Asciutto;Asfaltata;Verticale ed orizzontale;Sereno;Intenso;Buona;Ore Diurne;0;0;0;2;;;-1;1;Autobus di linea;In marcia / fermata / arresto;Conducente;M;Illeso;0;;Esente;Inesistente
1718897;11;31/03/2007 11:49;Strada Urbana;VIA SIMONE MARTINI;all'intersezione con;VIA DUCCIO DI BUONINSEGNA;VIA DUCCIO DI BUONINSEGNA;;;Scontro laterale fra veicoli in marcia;Intersezione stradale segnalata;Una carreggiata a doppio senso;Asciutto;Asfaltata;Verticale ed orizzontale;Sereno;Intenso;Buona;Ore Diurne;0;0;0;2;;;-1;2;Autovettura privata;In marcia / fermata / arresto;Conducente;M;Illeso;0;;Non accertato;Inesistente
1718898;11;31/03/2007 13:05;Strada Urbana;VIA DEL MARE;da specificare;;;;altezza via Ostiense;Veicolo in marcia contro veicolo arresto;Rettilineo;Una carreggiata a doppio senso;Asciutto;Asfaltata;Verticale ed orizzontale;Sereno;Normale;Buona;Ore Diurne;1;0;0;1;;;-1;1;Altro;In marcia / fermata / arresto;Conducente;M;Illeso;0;;Utilizzato;Inesploso
1718898;11;31/03/2007 13:05;Strada Urbana;VIA DEL MARE;da specificare;;;;altezza via Ostiense;Veicolo in marcia contro veicolo arresto;Rettilineo;Una carreggiata a doppio senso;Asciutto;Asfaltata;Verticale ed orizzontale;Sereno;Normale;Buona;Ore Diurne;1;0;0;1;;;-1;2;Motociclo con passeggero;In marcia / fermata / arresto;Conducente;M;Rimandato;0;NON DECEDUTO;Utilizzato;Inesistente
1718899;11;31/03/2007 14:45;Strada Urbana;VIA OSTIENSE;all'intersezione semaforizzata con;VIALE FERDINANDO BALDELLI;VIALE FERDINANDO BALDELLI;;;Scontro laterale fra veicoli in marcia;Intersezione semaforizzata;Una carreggiata a senso unico di marcia;Asciutto;Asfaltata;Verticale ed orizzontale;Sereno;Normale;Buona;Ore Diurne;1;0;0;1;;;-1;1;Autovettura privata;In marcia / fermata / arresto;Conducente;M;Illeso;0;;Utilizzato;Inesistente
1718899;11;31/03/2007 14:45;Strada Urbana;VIA OSTIENSE;all'intersezione semaforizzata con;VIALE FERDINANDO BALDELLI;VIALE FERDINANDO BALDELLI;;;Scontro laterale fra veicoli in marcia;Intersezione semaforizzata;Una carreggiata a senso unico di marcia;Asciutto;Asfaltata;Verticale ed orizzontale;Sereno;Normale;Buona;Ore Diurne;1;0;0;1;;;-1;2;Motociclo a solo;In marcia / fermata / arresto;Conducente;M;Ricoverato;0;NON DECEDUTO;Utilizzato;Inesistente
1718900;11;31/03/2007 18:10;Strada Urbana;VIA SALVATORE DI GIACOMO;in corrispondenza;;del civico n. ;80;;Veicolo in marcia contro ostacolo fisso;Rettilineo;Una carreggiata a doppio senso;Asciutto;Asfaltata;Orizzontale;Sereno;Scarso;Buona;Ore Diurne;0;0;0;1;;;-1;1;Autovettura privata;In marcia / fermata / arresto;Conducente;M;Illeso;0;;Utilizzato;Inesistente
1718906;12;31/03/2007 12:20;Strada Urbana;VIALE EGEO;in corrispondenza;;del civico n. ;4;;Scontro laterale fra veicoli in marcia;Rettilineo;Due carreggiate;Asciutto;Asfaltata;Verticale ed orizzontale;Sereno;Normale;Buona;Ore Diurne;1;0;0;1;;;-1;1;Autovettura privata;In marcia / fermata / arresto;Conducente;F;Illeso;0;;Utilizzato;Inesistente
1718906;12;31/03/2007 12:20;Strada Urbana;VIALE EGEO;in corrispondenza;;del civico n. ;4;;Scontro laterale fra veicoli in marcia;Rettilineo;Due carreggiate;Asciutto;Asfaltata;Verticale ed orizzontale;Sereno;Normale;Buona;Ore Diurne;1;0;0;1;;;-1;2;Motociclo a solo;In marcia / fermata / arresto;Conducente;M;Rimandato;0;NON DECEDUTO;Utilizzato;Inesistente
1718907;12;31/03/2007 17:15;Strada Urbana;VIALE DELL'OCEANO ATLANTICO;all'intersezione semaforizzata con;PIAZZALE VENTICINQUE MARZO 1957;PIAZZALE VENTICINQUE MARZO 1957;;;Tamponamento;Intersezione semaforizzata;Una carreggiata a senso unico di marcia;Asciutto;Asfaltata;Verticale ed orizzontale;Sereno;Normale;Buona;Ore Diurne;0;0;0;2;;;-1;1;Autovettura privata;In marcia / fermata / arresto;Conducente;F;Illeso;0;;Utilizzato;Inesploso
1718907;12;31/03/2007 17:15;Strada Urbana;VIALE DELL'OCEANO ATLANTICO;all'intersezione semaforizzata con;PIAZZALE VENTICINQUE MARZO 1957;PIAZZALE VENTICINQUE MARZO 1957;;;Tamponamento;Intersezione semaforizzata;Una carreggiata a senso unico di marcia;Asciutto;Asfaltata;Verticale ed orizzontale;Sereno;Normale;Buona;Ore Diurne;0;0;0;2;;;-1;2;Autovettura privata;In marcia / fermata / arresto;Conducente;M;Illeso;0;;Utilizzato;Inesploso
1718908;12;31/03/2007 22:40;Strada Urbana;VIA CRISTOFORO COLOMBO;da specificare;;;;altezza via del pattinaggio;Scontro laterale fra veicoli in marcia;Curva a visuale libera;Una carreggiata a senso unico di marcia;Asciutto;Asfaltata;Verticale ed orizzontale;Sereno;Normale;Buona;Sufficiente;0;0;0;4;;;-1;1;Autovettura privata;In marcia / fermata / arresto;Conducente;M;Illeso;0;;Utilizzato;Inesistente
1718908;12;31/03/2007 22:40;Strada Urbana;VIA CRISTOFORO COLOMBO;da specificare;;;;altezza via del pattinaggio;Scontro laterale fra veicoli in marcia;Curva a visuale libera;Una carreggiata a senso unico di marcia;Asciutto;Asfaltata;Verticale ed orizzontale;Sereno;Normale;Buona;Sufficiente;0;0;0;4;;;-1;2;Autovettura privata;In marcia / fermata / arresto;Conducente;M;Illeso;0;;Utilizzato;Inesistente
1718908;12;31/03/2007 22:40;Strada Urbana;VIA CRISTOFORO COLOMBO;da specificare;;;;altezza via del pattinaggio;Scontro laterale fra veicoli in marcia;Curva a visuale libera;Una carreggiata a senso unico di marcia;Asciutto;Asfaltata;Verticale ed orizzontale;Sereno;Normale;Buona;Sufficiente;0;0;0;4;;;-1;2;Autovettura privata;In marcia / fermata / arresto;Passeggero;M;Illeso;0;;Utilizzato;Inesistente
1718908;12;31/03/2007 22:40;Strada Urbana;VIA CRISTOFORO COLOMBO;da specificare;;;;altezza via del pattinaggio;Scontro laterale fra veicoli in marcia;Curva a visuale libera;Una carreggiata a senso unico di marcia;Asciutto;Asfaltata;Verticale ed orizzontale;Sereno;Normale;Buona;Sufficiente;0;0;0;4;;;-1;2;Autovettura privata;In marcia / fermata / arresto;Passeggero;F;Illeso;0;;Utilizzato;Inesistente
1718909;12;04/03/2007 17:15;Strada Urbana;VIALE DELL'OCEANO PACIFICO;all'intersezione con;VIALE DEI PRIMATI SPORTIVI;VIALE DEI PRIMATI SPORTIVI;;;Scontro frontale/laterale SX fra veicoli in marcia;Incrocio;Una carreggiata a senso unico di marcia;Asciutto;Asfaltata;Verticale ed orizzontale;Sereno;Normale;Buona;Ore Diurne;0;0;0;2;;;-1;1;Quadriciclo leggero;In marcia / fermata / arresto;Conducente;M;Illeso;0;;Utilizzato;Inesistente
1718909;12;04/03/2007 17:15;Strada Urbana;VIALE DELL'OCEANO PACIFICO;all'intersezione con;VIALE DEI PRIMATI SPORTIVI;VIALE DEI PRIMATI SPORTIVI;;;Scontro frontale/laterale SX fra veicoli in marcia;Incrocio;Una carreggiata a senso unico di marcia;Asciutto;Asfaltata;Verticale ed orizzontale;Sereno;Normale;Buona;Ore Diurne;0;0;0;2;;;-1;2;Autovettura privata;In marcia / fermata / arresto;Conducente;M;Illeso;0;;Utilizzato;Inesploso
1718937;16;31/03/2007 00:30;Strada Urbana;VIA PORTUENSE;in prossimità;;del civico n. ;28;;Investimento di pedone;Rettilineo;Una carreggiata a doppio senso;Asciutto;Asfaltata;Orizzontale;Sereno;Scarso;Buona;Sufficiente;2;0;0;2;;;-1;;;;Pedone;M;Illeso;0;;;
1718937;16;31/03/2007 00:30;Strada Urbana;VIA PORTUENSE;in prossimità;;del civico n. ;28;;Investimento di pedone;Rettilineo;Una carreggiata a doppio senso;Asciutto;Asfaltata;Orizzontale;Sereno;Scarso;Buona;Sufficiente;2;0;0;2;;;-1;;;;Pedone;M;Rimandato;0;NON DECEDUTO;;
1718937;16;31/03/2007 00:30;Strada Urbana;VIA PORTUENSE;in prossimità;;del civico n. ;28;;Investimento di pedone;Rettilineo;Una carreggiata a doppio senso;Asciutto;Asfaltata;Orizzontale;Sereno;Scarso;Buona;Sufficiente;2;0;0;2;;;-1;1;Motociclo a solo;In marcia / fermata / arresto;Conducente;M;Illeso;0;;Non accertato;Inesistente
1718938;16;29/03/2007 20:45;Strada Urbana;VIA ETTORE ROLLI;all'intersezione semaforizzata con;VIA PANFILO CASTALDI;VIA PANFILO CASTALDI;;;Investimento di pedone;Incrocio;Una carreggiata a doppio senso;Bagnato (umidità in atto);Asfaltata;Orizzontale;Nuvoloso;Normale;Buona;Sufficiente;1;0;0;0;;;-1;;;;Pedone;F;Ricoverato;0;NON DECEDUTO;;
1718939;16;30/03/2007 08:00;Strada Urbana;VIA DI BRAVETTA;in prossimità;;del civico n. ;332;;Tamponamento;Rettilineo;Una carreggiata a doppio senso;Asciutto;Asfaltata;Orizzontale;Nuvoloso;Normale;Buona;Ore Diurne;1;0;0;1;;;-1;1;Autovettura privata;In marcia / fermata / arresto;Conducente;F;Illeso;0;;Non accertato;Inesistente
1718939;16;30/03/2007 08:00;Strada Urbana;VIA DI BRAVETTA;in prossimità;;del civico n. ;332;;Tamponamento;Rettilineo;Una carreggiata a doppio senso;Asciutto;Asfaltata;Orizzontale;Nuvoloso;Normale;Buona;Ore Diurne;1;0;0;1;;;-1;2;Motociclo a solo;In marcia / fermata / arresto;Conducente;M;Rimandato;0;NON DECEDUTO;Non accertato;Inesistente
1718940;16;30/03/2007 19:15;Strada Urbana;VIALE DEI QUATTRO VENTI;all'intersezione con;VIA FRANCESCO MAIDALCHINI;VIA FRANCESCO MAIDALCHINI;;;Tamponamento;Intersezione non regolata/non segnalata;Una carreggiata a doppio senso;Asciutto;In cubetti di porfido;Orizzontale;Sereno;Normale;Sufficiente;Sufficiente;1;0;0;1;;;-1;1;Autovettura privata;In marcia / fermata / arresto;Conducente;F;Illeso;0;;Non accertato;Inesistente
1718940;16;30/03/2007 19:15;Strada Urbana;VIALE DEI QUATTRO VENTI;all'intersezione con;VIA FRANCESCO MAIDALCHINI;VIA FRANCESCO MAIDALCHINI;;;Tamponamento;Intersezione non regolata/non segnalata;Una carreggiata a doppio senso;Asciutto;In cubetti di porfido;Orizzontale;Sereno;Normale;Sufficiente;Sufficiente;1;0;0;1;;;-1;2;Motociclo a solo;In marcia / fermata / arresto;Conducente;M;Rimandato;0;NON DECEDUTO;Non accertato;Inesistente
1718965;1;31/03/2007 07:30;Strada Urbana;VIA DEL TEATRO DI MARCELLO;in prossimità;;del civico n. ;2;;Infortunio per caduta del veicolo;Rettilineo;Una carreggiata a doppio senso;Viscido da liquidi oleosi;In cubetti di porfido;Verticale ed orizzontale;Sereno;Scarso;Buona;Ore Diurne;1;0;0;0;;;-1;1;Motociclo a solo;In marcia / fermata / arresto;Conducente;M;Rimandato;0;NON DECEDUTO;Non accertato;Inesistente
1718967;1;31/03/2007 19:05;Strada Urbana;VIA DEL TRITONE;in corrispondenza;;del civico n. ;58;;Investimento di pedone;Rettilineo;Una carreggiata a doppio senso;Asciutto;Asfaltata;Verticale ed orizzontale;Sereno;Intenso;Sufficiente;Ore Diurne;1;0;0;1;;;-1;;;;Pedone;M;Rimandato;0;NON DECEDUTO;;
1718967;1;31/03/2007 19:05;Strada Urbana;VIA DEL TRITONE;in corrispondenza;;del civico n. ;58;;Investimento di pedone;Rettilineo;Una carreggiata a doppio senso;Asciutto;Asfaltata;Verticale ed orizzontale;Sereno;Intenso;Sufficiente;Ore Diurne;1;0;0;1;;;-1;1;Autobus urbano;In marcia / fermata / arresto;Conducente;M;Illeso;0;;Non accertato;Inesploso
1719007;5;16/03/2007 13:40;Strada Urbana;VIA TIBURTINA;in prossimità;;del civico n. ;781;;Scontro laterale fra veicoli in marcia;Rettilineo;Una carreggiata a doppio senso;Asciutto;Asfaltata;Verticale ed orizzontale;Sereno;Normale;Buona;Ore Diurne;0;0;0;2;;;-1;1;Autovettura privata;In marcia / fermata / arresto;Conducente;M;Illeso;0;;Non accertato;Inesistente
1719007;5;16/03/2007 13:40;Strada Urbana;VIA TIBURTINA;in prossimità;;del civico n. ;781;;Scontro laterale fra veicoli in marcia;Rettilineo;Una carreggiata a doppio senso;Asciutto;Asfaltata;Verticale ed orizzontale;Sereno;Normale;Buona;Ore Diurne;0;0;0;2;;;-1;2;Motociclo a solo;In marcia / fermata / arresto;Conducente;M;Illeso;0;;Non accertato;Inesistente
1719008;5;20/03/2007 17:30;Strada Urbana;VIA PIEVEBOVIGLIANA;all'intersezione con;VIA CORINALDO;VIA CORINALDO;;;Scontro frontale/laterale SX fra veicoli in marcia;Incrocio;Una carreggiata a doppio senso;Bagnato (pioggia);Asfaltata;Verticale ed orizzontale;Pioggia in atto;Normale;Buona;Ore Diurne;0;0;0;2;;;-1;1;Autovettura privata;In marcia / fermata / arresto;Conducente;F;Illeso;0;;Non accertato;Inesistente
1719008;5;20/03/2007 17:30;Strada Urbana;VIA PIEVEBOVIGLIANA;all'intersezione con;VIA CORINALDO;VIA CORINALDO;;;Scontro frontale/laterale SX fra veicoli in marcia;Incrocio;Una carreggiata a doppio senso;Bagnato (pioggia);Asfaltata;Verticale ed orizzontale;Pioggia in atto;Normale;Buona;Ore Diurne;0;0;0;2;;;-1;2;Autovettura privata;In marcia / fermata / arresto;Conducente;M;Illeso;0;;Non accertato;Inesistente
1719140;5;02/03/2007 10:00;Strada Urbana;VIALE ETTORE FRANCESCHINI;da specificare;;;;civico 64;Scontro frontale/laterale SX fra veicoli in marcia;Rettilineo;Due carreggiate;Asciutto;Asfaltata;Verticale ed orizzontale;Nuvoloso;Scarso;Buona;Ore Diurne;0;0;0;2;;;-1;1;Autovettura privata;In marcia / fermata / arresto;Conducente;F;Illeso;0;;Non accertato;Inesistente
1719140;5;02/03/2007 10:00;Strada Urbana;VIALE ETTORE FRANCESCHINI;da specificare;;;;civico 64;Scontro frontale/laterale SX fra veicoli in marcia;Rettilineo;Due carreggiate;Asciutto;Asfaltata;Verticale ed orizzontale;Nuvoloso;Scarso;Buona;Ore Diurne;0;0;0;2;;;-1;2;Autovettura privata;In marcia / fermata / arresto;Conducente;F;Illeso;0;;Non accertato;Inesistente
1719141;5;02/03/2007 21:30;Strada Urbana;VIA TIBURTINA;da specificare;;;; ALT.  RAMPA D' ACCESSO METRO PONTE MAMMOLO;Tamponamento Multiplo;Rettilineo;Una carreggiata a senso unico di marcia;Asciutto;Asfaltata;Verticale ed orizzontale;Sereno;Scarso;Sufficiente;Sufficiente;0;0;0;3;;;-1;1;Autovettura privata;In marcia / fermata / arresto;Conducente;F;Illeso;0;;Non accertato;Inesistente
1719141;5;02/03/2007 21:30;Strada Urbana;VIA TIBURTINA;da specificare;;;; ALT.  RAMPA D' ACCESSO METRO PONTE MAMMOLO;Tamponamento Multiplo;Rettilineo;Una carreggiata a senso unico di marcia;Asciutto;Asfaltata;Verticale ed orizzontale;Sereno;Scarso;Sufficiente;Sufficiente;0;0;0;3;;;-1;2;Autovettura privata;In marcia / fermata / arresto;Conducente;M;Illeso;0;;Non accertato;Inesistente
1719141;5;02/03/2007 21:30;Strada Urbana;VIA TIBURTINA;da specificare;;;; ALT.  RAMPA D' ACCESSO METRO PONTE MAMMOLO;Tamponamento Multiplo;Rettilineo;Una carreggiata a senso unico di marcia;Asciutto;Asfaltata;Verticale ed orizzontale;Sereno;Scarso;Sufficiente;Sufficiente;0;0;0;3;;;-1;3;Autovettura privata;In marcia / fermata / arresto;Conducente;M;Illeso;0;;Non accertato;Inesistente
1719142;5;29/03/2007 08:45;Strada Urbana;VIA IGINO GIORDANI;da specificare;;;;civ.24;Tamponamento Multiplo;Rettilineo;Una carreggiata a doppio senso;Asciutto;Asfaltata;Verticale ed orizzontale;Sereno;Normale;Buona;Ore Diurne;1;0;0;4;;;-1;1;Autovettura privata;In marcia / fermata / arresto;Conducente;F;Rimandato;0;NON DECEDUTO;Non accertato;Inesistente
1719142;5;29/03/2007 08:45;Strada Urbana;VIA IGINO GIORDANI;da specificare;;;;civ.24;Tamponamento Multiplo;Rettilineo;Una carreggiata a doppio senso;Asciutto;Asfaltata;Verticale ed orizzontale;Sereno;Normale;Buona;Ore Diurne;1;0;0;4;;;-1;2;Autovettura privata;In marcia / fermata / arresto;Conducente;M;Illeso;0;;Non accertato;Inesistente
1719142;5;29/03/2007 08:45;Strada Urbana;VIA IGINO GIORDANI;da specificare;;;;civ.24;Tamponamento Multiplo;Rettilineo;Una carreggiata a doppio senso;Asciutto;Asfaltata;Verticale ed orizzontale;Sereno;Normale;Buona;Ore Diurne;1;0;0;4;;;-1;3;Autovettura privata;In marcia / fermata / arresto;Conducente;M;Illeso;0;;Non accertato;Inesistente
1719142;5;29/03/2007 08:45;Strada Urbana;VIA IGINO GIORDANI;da specificare;;;;civ.24;Tamponamento Multiplo;Rettilineo;Una carreggiata a doppio senso;Asciutto;Asfaltata;Verticale ed orizzontale;Sereno;Normale;Buona;Ore Diurne;1;0;0;4;;;-1;3;Autovettura privata;In marcia / fermata / arresto;Passeggero;F;Illeso;0;;Non accertato;Inesistente
1719142;5;29/03/2007 08:45;Strada Urbana;VIA IGINO GIORDANI;da specificare;;;;civ.24;Tamponamento Multiplo;Rettilineo;Una carreggiata a doppio senso;Asciutto;Asfaltata;Verticale ed orizzontale;Sereno;Normale;Buona;Ore Diurne;1;0;0;4;;;-1;3;Autovettura privata;In marcia / fermata / arresto;Passeggero;F;Illeso;0;;Non accertato;Inesistente
1719143;5;30/03/2007 13:20;Strada Urbana;VIA TIBURTINA;da specificare;;;;altezza Via di Pietralata;Tamponamento;Rettilineo;Una carreggiata a doppio senso;Asciutto;Asfaltata;Verticale ed orizzontale;Sereno;Normale;Buona;Ore Diurne;0;0;0;3;;;-1;1;Autovettura privata;In marcia / fermata / arresto;Conducente;F;Illeso;0;;Non accertato;Inesistente
1719143;5;30/03/2007 13:20;Strada Urbana;VIA TIBURTINA;da specificare;;;;altezza Via di Pietralata;Tamponamento;Rettilineo;Una carreggiata a doppio senso;Asciutto;Asfaltata;Verticale ed orizzontale;Sereno;Normale;Buona;Ore Diurne;0;0;0;3;;;-1;1;Autovettura privata;In marcia / fermata / arresto;Passeggero;F;Illeso;0;;Non accertato;Inesistente
1719143;5;30/03/2007 13:20;Strada Urbana;VIA TIBURTINA;da specificare;;;;altezza Via di Pietralata;Tamponamento;Rettilineo;Una carreggiata a doppio senso;Asciutto;Asfaltata;Verticale ed orizzontale;Sereno;Normale;Buona;Ore Diurne;0;0;0;3;;;-1;2;Autovettura privata;In marcia / fermata / arresto;Conducente;M;Illeso;0;;Non accertato;Inesistente